Bola1,Bola2,Bola3,Bola4,Bola5,Bola6,Bola7,Bola8,Bola9,Bola10,Bola11,Bola12,Bola13,Bola14,Bola15,modelo,confidence
1,2,4,5,9,10,11,12,13,16,19,20,23,24,25,enhanced_ensemble,0.7730518474264629
1,2,3,4,5,9,10,11,12,13,14,20,22,24,25,bayesian,0.5943692552858577
1,4,5,6,8,9,10,11,12,16,19,20,23,24,25,neural_ensemble,1.2000000000000002
1,2,3,7,9,10,16,18,19,20,21,22,23,24,25,monte_carlo,0.7
1,4,5,9,10,11,12,13,15,16,19,20,23,24,25,time_series,1.1400455241258454
1,2,3,4,7,9,10,13,14,15,18,20,21,24,25,beam_search,0.7
2,5,7,10,11,12,13,14,16,17,20,21,22,23,25,markov,0.6
1,2,3,4,5,9,12,13,14,15,18,19,21,22,24,poisson,0.65
1,4,5,6,7,8,9,10,17,18,19,20,21,23,24,mutation,0.6
