Concurso,Data Sorteio,Bola1,Bola2,Bola3,Bola4,Bola5,Bola6,Trevo1,Trevo2,Ganhadores 6 Números + 2 Trevos,Cidade / UF,Rateio 6 acertos + 2 Trevos,Ganhadores 6  acertos + 1 ou nenhum Trevo,Rateio 6  acertos + 1  ou nenhum Trevo ,Ganhadores 5  acertos + 2 Trevos ,Rateio 5  acertos + 2 Trevos ,Ganhadores 5 acertos + 1 ou nenhum Trevo ,Rateio 5  acertos + 1 ou nenhum Trevo,Ganhadores 4  acertos + 2 Trevos ,Rateio 4  acertos + 2 Trevos ,Ganhadores 4  acertos + 1 ou nenhum Trevo ,Rateio 4  acertos + 1 ou nenhum Trevo ,Ganhadores 3  acertos + 2 Trevos ,Rateio 3  acertos + 2 Trevos ,Ganhadores 3  acertos + 1 Trevo  ,Rateio 3  acertos + 1 Trevo  ,Ganhadores 2  acertos + 2 Trevos ,Rateio 2  acertos + 2 Trevos ,Ganhadores 2  acertos + 1 Trevo  ,Rateio 2  acertos + 1 Trevo  ,Acumulado 6 acertos + 2 Trevos,Arrecadacao Total,Estimativa Prêmio,Observação
1,28/05/2022,1,3,7,15,23,44,2,4,0,,"R$0,00",1,"R$392.567,53",6,"R$52.342,34",80,"R$3.925,67",227,"R$1.482,31",3501,"R$96,11",4725,"R$50,00",34159,"R$24,00",33671,"R$12,00",243056,"R$6,00",Sim,"R$20.704.332,00","R$10.000.000,00",
2,04/06/2022,13,16,35,41,42,47,2,6,0,,"R$0,00",0,"R$0,00",1,"R$327.486,37",20,"R$7.277,48",76,"R$1.436,34",1010,"R$154,40",1547,"R$50,00",11137,"R$24,00",12908,"R$12,00",89778,"R$6,00",Sim,"R$8.832.150,00","R$10.000.000,00",
3,11/06/2022,1,9,17,30,31,44,1,4,0,,"R$0,00",0,"R$0,00",0,"R$0,00",19,"R$20.410,25",60,"R$1.491,52",1031,"R$124,00",1200,"R$50,00",10591,"R$24,00",8978,"R$12,00",82063,"R$6,00",Sim,"R$7.394.010,00","R$10.000.000,00",
4,18/06/2022,6,23,25,33,34,47,1,2,0,,"R$0,00",0,"R$0,00",0,"R$0,00",28,"R$11.108,46",40,"R$1.794,44",882,"R$116,25",854,"R$50,00",9146,"R$24,00",6508,"R$12,00",71386,"R$6,00",Sim,"R$6.016.170,00","R$10.000.000,00",
5,25/06/2022,6,16,21,24,26,45,2,5,0,,"R$0,00",0,"R$0,00",2,"R$100.965,13",10,"R$8.974,68",59,"R$1.629,78",580,"R$165,78",1055,"R$50,00",6995,"R$24,00",9061,"R$12,00",57626,"R$6,00",Sim,"R$5.530.842,00","R$10.000.000,00",
6,02/07/2022,1,19,22,32,39,45,1,5,0,,"R$0,00",0,"R$0,00",0,"R$0,00",11,"R$26.091,29",45,"R$1.471,82",663,"R$142,71",1028,"R$50,00",7362,"R$24,00",7834,"R$12,00",60497,"R$6,00",Sim,"R$5.492.682,00","R$10.000.000,00",
7,09/07/2022,9,12,35,44,47,48,1,5,0,,"R$0,00",0,"R$0,00",0,"R$0,00",15,"R$19.592,68",37,"R$1.833,00",799,"R$121,26",1044,"R$50,00",8342,"R$24,00",7909,"R$12,00",63562,"R$6,00",Sim,"R$5.690.448,00","R$10.000.000,00",
8,16/07/2022,1,4,5,16,38,50,1,3,0,,"R$0,00",0,"R$0,00",1,"R$175.341,93",11,"R$7.084,52",49,"R$1.704,00",807,"R$103,46",929,"R$50,00",8915,"R$24,00",7292,"R$12,00",61817,"R$6,00",Sim,"R$5.124.552,00","R$10.000.000,00",
9,23/07/2022,6,11,12,14,15,18,3,4,0,,"R$0,00",0,"R$0,00",0,"R$0,00",30,"R$8.970,13",57,"R$1.556,41",897,"R$98,90",1117,"R$50,00",7866,"R$24,00",8596,"R$12,00",61176,"R$6,00",Sim,"R$5.326.134,00","R$10.000.000,00",
10,30/07/2022,4,6,10,42,47,48,2,5,0,,"R$0,00",0,"R$0,00",1,"R$203.478,92",12,"R$7.536,26",37,"R$1.833,14",637,"R$152,11",1112,"R$50,00",7812,"R$24,00",9817,"R$12,00",64285,"R$6,00",Sim,"R$5.734.266,00","R$10.000.000,00",
11,06/08/2022,4,13,15,31,39,45,2,4,0,,"R$0,00",0,"R$0,00",0,"R$0,00",17,"R$16.930,65",62,"R$1.530,42",678,"R$139,94",1153,"R$50,00",7695,"R$24,00",8934,"R$12,00",59931,"R$6,00",Sim,"R$5.561.970,00","R$11.000.000,00",
12,13/08/2022,6,20,24,26,31,50,1,5,0,,"R$0,00",0,"R$0,00",1,"R$193.462,70",8,"R$10.747,93",52,"R$1.771,63",857,"R$107,49",1013,"R$50,00",7819,"R$24,00",7732,"R$12,00",57420,"R$6,00",Sim,"R$5.368.854,00","R$11.500.000,00",
13,20/08/2022,14,31,39,44,45,46,1,2,0,,"R$0,00",0,"R$0,00",0,"R$0,00",11,"R$25.265,50",44,"R$1.457,63",597,"R$153,47",770,"R$50,00",7357,"R$24,00",5863,"R$12,00",57034,"R$6,00",Sim,"R$5.231.988,00","R$12.000.000,00",
14,27/08/2022,12,13,42,46,48,49,1,3,0,,"R$0,00",0,"R$0,00",0,"R$0,00",4,"R$60.000,69",41,"R$1.350,86",615,"R$128,65",881,"R$50,00",7143,"R$24,00",7075,"R$12,00",57643,"R$6,00",Sim,"R$4.771.290,00","R$12.500.000,00",
15,03/09/2022,3,35,37,39,41,50,4,6,0,,"R$0,00",0,"R$0,00",1,"R$181.887,33",9,"R$8.982,09",37,"R$1.638,63",620,"R$139,69",656,"R$50,00",6202,"R$24,00",5473,"R$12,00",50154,"R$6,00",Sim,"R$4.836.516,00","R$13.000.000,00",
16,10/09/2022,3,11,13,23,33,47,2,5,0,,"R$0,00",1,"R$74.012,12",3,"R$19.736,57",44,"R$1.345,68",116,"R$546,88",1119,"R$56,69",1490,"R$50,00",8824,"R$24,00",9590,"R$12,00",57442,"R$6,00",Sim,"R$4.378.860,00","R$13.500.000,00",
17,17/09/2022,3,17,25,46,48,50,1,3,0,,"R$0,00",0,"R$0,00",0,"R$0,00",23,"R$10.795,31",84,"R$974,45",749,"R$109,28",971,"R$50,00",7870,"R$24,00",7608,"R$12,00",59692,"R$6,00",Sim,"R$4.980.564,00","R$14.000.000,00",
18,24/09/2022,10,18,20,39,42,49,3,4,0,,"R$0,00",0,"R$0,00",1,"R$176.935,29",11,"R$7.148,90",45,"R$1.872,33",645,"R$130,62",898,"R$50,00",7042,"R$24,00",7518,"R$12,00",54459,"R$6,00",Sim,"R$4.941.726,00","R$15.000.000,00",
19,01/10/2022,6,19,33,34,39,47,3,5,0,,"R$0,00",0,"R$0,00",0,"R$0,00",16,"R$16.878,22",82,"R$1.085,70",939,"R$94,81",1213,"R$50,00",8379,"R$24,00",9394,"R$12,00",61370,"R$6,00",Sim,"R$5.406.408,00","R$15.500.000,00",
20,08/10/2022,4,8,10,11,22,25,5,6,0,,"R$0,00",1,"R$99.034,12",1,"R$79.227,30",37,"R$2.141,28",60,"R$1.414,77",1056,"R$80,38",1001,"R$50,00",9717,"R$24,00",6409,"R$12,00",67934,"R$6,00",Sim,"R$5.299.686,00","R$16.000.000,00",
21,15/10/2022,4,26,27,29,34,35,5,6,0,,"R$0,00",0,"R$0,00",1,"R$173.150,46",6,"R$12.825,96",25,"R$2.308,67",468,"R$176,18",569,"R$50,00",5742,"R$24,00",4792,"R$12,00",50457,"R$6,00",Sim,"R$4.615.344,00","R$16.500.000,00",
22,22/10/2022,5,22,28,46,47,48,3,4,0,,"R$0,00",0,"R$0,00",0,"R$0,00",16,"R$14.797,05",64,"R$1.219,53",765,"R$102,02",1217,"R$50,00",7623,"R$24,00",7931,"R$12,00",55288,"R$6,00",Sim,"R$4.787.328,00","R$17.000.000,00",
23,29/10/2022,4,5,11,27,34,50,1,5,0,,"R$0,00",0,"R$0,00",1,"R$153.675,28",13,"R$5.253,85",57,"R$1.283,83",759,"R$96,41",1091,"R$50,00",8256,"R$24,00",7574,"R$12,00",56658,"R$6,00",Sim,"R$4.621.320,00","R$17.500.000,00",
24,05/11/2022,22,29,31,32,36,45,5,6,0,,"R$0,00",0,"R$0,00",1,"R$165.382,79",10,"R$7.350,35",40,"R$1.378,19",465,"R$169,36",641,"R$50,00",5833,"R$24,00",4583,"R$12,00",47338,"R$6,00",Sim,"R$4.428.162,00","R$18.000.000,00",
25,12/11/2022,10,14,21,31,39,42,3,6,0,,"R$0,00",0,"R$0,00",0,"R$0,00",11,"R$27.259,84",36,"R$1.922,17",736,"R$134,31",858,"R$50,00",8049,"R$24,00",6830,"R$12,00",62450,"R$6,00",Sim,"R$5.682.774,00","R$19.000.000,00",
26,19/11/2022,5,12,26,31,34,50,5,6,0,,"R$0,00",0,"R$0,00",1,"R$166.118,52",13,"R$5.679,27",39,"R$1.419,81",670,"R$118,06",821,"R$50,00",8071,"R$24,00",6008,"R$12,00",57594,"R$6,00",Sim,"R$4.785.564,00","R$19.500.000,00",
27,26/11/2022,3,16,17,21,23,37,1,4,0,,"R$0,00",0,"R$0,00",1,"R$158.523,57",10,"R$7.045,49",39,"R$1.354,90",593,"R$127,29",682,"R$50,00",6496,"R$24,00",5578,"R$12,00",50063,"R$6,00",Sim,"R$4.408.284,00","R$20.000.000,00",
28,03/12/2022,2,7,29,40,41,50,2,6,0,,"R$0,00",0,"R$0,00",2,"R$81.529,87",14,"R$5.176,50",61,"R$1.272,90",560,"R$138,65",909,"R$50,00",6425,"R$24,00",6958,"R$12,00",49394,"R$6,00",Sim,"R$4.549.590,00","R$20.500.000,00",
29,10/12/2022,12,22,30,33,43,44,2,5,0,,"R$0,00",0,"R$0,00",0,"R$0,00",11,"R$19.681,61",69,"R$1.034,38",643,"R$110,99",1206,"R$50,00",6858,"R$24,00",8439,"R$12,00",51154,"R$6,00",Sim,"R$4.425.744,00","R$21.000.000,00",
30,17/12/2022,2,24,31,39,46,47,1,2,0,,"R$0,00",0,"R$0,00",0,"R$0,00",13,"R$19.224,97",43,"R$1.341,27",643,"R$128,13",786,"R$50,00",7965,"R$24,00",5563,"R$12,00",56965,"R$6,00",Sim,"R$4.886.100,00","R$21.500.000,00",
31,24/12/2022,14,15,29,32,41,50,3,5,0,,"R$0,00",0,"R$0,00",1,"R$177.675,49",13,"R$6.074,37",63,"R$1.342,97",643,"R$131,58",1090,"R$50,00",6903,"R$24,00",8662,"R$12,00",52875,"R$6,00",Sim,"R$4.981.458,00","R$22.000.000,00",
32,31/12/2022,12,23,30,36,45,46,2,6,0,,"R$0,00",0,"R$0,00",1,"R$248.790,90",18,"R$6.142,99",73,"R$1.622,90",866,"R$136,80",1350,"R$50,00",9173,"R$24,00",10599,"R$12,00",73146,"R$6,00",Sim,"R$6.867.594,00","R$23.500.000,00",
33,07/01/2023,1,3,6,13,21,32,4,5,0,,"R$0,00",0,"R$0,00",0,"R$0,00",15,"R$22.746,93",55,"R$1.431,62",1101,"R$102,16",1052,"R$50,00",11484,"R$24,00",8216,"R$12,00",86841,"R$6,00",Sim,"R$6.853.884,00","R$24.000.000,00",
34,14/01/2023,3,6,8,36,49,50,1,6,0,,"R$0,00",0,"R$0,00",1,"R$219.556,12",17,"R$5.740,03",56,"R$1.866,97",960,"R$108,90",1152,"R$50,00",9177,"R$24,00",9954,"R$12,00",70346,"R$6,00",Sim,"R$6.220.800,00","R$25.000.000,00",
35,21/01/2023,1,2,16,28,33,42,2,4,0,,"R$0,00",0,"R$0,00",0,"R$0,00",8,"R$34.663,05",44,"R$1.454,39",606,"R$150,85",1178,"R$50,00",7249,"R$24,00",8939,"R$12,00",59532,"R$6,00",Sim,"R$5.393.034,00","R$25.500.000,00",
36,28/01/2023,2,8,9,15,28,32,1,4,0,,"R$0,00",0,"R$0,00",3,"R$66.005,04",15,"R$5.867,12",59,"R$1.598,18",804,"R$117,27",824,"R$50,00",7626,"R$24,00",6202,"R$12,00",59387,"R$6,00",Sim,"R$5.406.468,00","R$26.000.000,00",
37,04/02/2023,8,16,20,25,45,46,3,4,0,,"R$0,00",0,"R$0,00",0,"R$0,00",13,"R$23.885,54",59,"R$1.735,02",749,"R$136,67",1014,"R$50,00",7391,"R$24,00",7743,"R$12,00",58982,"R$6,00",Sim,"R$5.781.588,00","R$26.500.000,00",
38,11/02/2023,7,14,15,16,18,23,2,3,0,,"R$0,00",0,"R$0,00",2,"R$124.507,54",14,"R$7.905,24",68,"R$1.743,80",1045,"R$113,47",1311,"R$50,00",11628,"R$24,00",10200,"R$12,00",88794,"R$6,00",Sim,"R$7.226.604,00","R$28.000.000,00",
39,18/02/2023,2,3,11,16,17,46,2,3,0,,"R$0,00",0,"R$0,00",0,"R$0,00",16,"R$24.621,41",67,"R$1.356,86",948,"R$136,99",1700,"R$50,00",13957,"R$24,00",11862,"R$12,00",106533,"R$6,00",Sim,"R$8.173.446,00","R$29.000.000,00",
40,25/02/2023,2,12,22,30,33,48,2,3,0,,"R$0,00",0,"R$0,00",0,"R$0,00",24,"R$16.878,08",127,"R$1.051,50",1683,"R$79,34",1655,"R$50,00",14629,"R$24,00",10492,"R$12,00",98092,"R$6,00",Sim,"R$8.192.760,00","R$30.000.000,00",
41,04/03/2023,5,16,18,40,42,44,1,4,0,,"R$0,00",0,"R$0,00",0,"R$0,00",15,"R$29.834,61",83,"R$1.777,51",1153,"R$127,95",1289,"R$50,00",11678,"R$24,00",10419,"R$12,00",91410,"R$6,00",Sim,"R$8.443.164,00","R$31.000.000,00",
42,11/03/2023,2,9,14,25,33,44,3,6,0,,"R$0,00",0,"R$0,00",2,"R$152.707,78",41,"R$3.310,74",94,"R$1.547,19",1433,"R$101,49",1569,"R$50,00",13907,"R$24,00",11732,"R$12,00",102216,"R$6,00",Sim,"R$8.717.856,00","R$32.000.000,00",
43,18/03/2023,3,6,8,11,14,33,4,5,0,,"R$0,00",0,"R$0,00",2,"R$127.645,06",24,"R$4.727,59",64,"R$1.899,48",1473,"R$82,53",1284,"R$50,00",14659,"R$24,00",9843,"R$12,00",101569,"R$6,00",Sim,"R$7.696.614,00","R$33.000.000,00",
44,25/03/2023,1,9,12,29,32,36,2,6,0,,"R$0,00",0,"R$0,00",1,"R$237.111,77",18,"R$5.854,62",73,"R$1.546,71",914,"R$123,53",1380,"R$50,00",10189,"R$24,00",10504,"R$12,00",77757,"R$6,00",Sim,"R$6.769.782,00","R$34.000.000,00",
45,01/04/2023,7,20,22,25,43,45,2,5,0,,"R$0,00",0,"R$0,00",2,"R$137.283,11",9,"R$13.558,83",97,"R$1.347,89",997,"R$131,13",1778,"R$50,00",11530,"R$24,00",13992,"R$12,00",87594,"R$6,00",Sim,"R$7.863.012,00","R$35.000.000,00",
46,08/04/2023,2,11,16,17,29,46,2,5,0,,"R$0,00",0,"R$0,00",5,"R$46.354,94",187,"R$786,94",94,"R$1.174,13",976,"R$113,08",1694,"R$50,00",10686,"R$24,00",12136,"R$12,00",78606,"R$6,00",Sim,"R$6.793.938,00","R$36.000.000,00",
47,15/04/2023,12,15,26,31,39,43,4,6,0,,"R$0,00",0,"R$0,00",0,"R$0,00",13,"R$39.722,51",61,"R$1.953,56",1034,"R$164,64",1572,"R$50,00",14060,"R$24,00",11349,"R$12,00",103946,"R$6,00",Sim,"R$9.744.978,00","R$37.000.000,00",
48,22/04/2023,10,36,38,39,46,49,1,3,0,,"R$0,00",0,"R$0,00",0,"R$0,00",11,"R$36.852,70",59,"R$1.585,58",747,"R$178,90",1120,"R$50,00",9680,"R$24,00",9782,"R$12,00",78345,"R$6,00",Sim,"R$7.535.082,00","R$38.000.000,00",
49,29/04/2023,4,13,21,30,36,48,2,3,0,,"R$0,00",0,"R$0,00",3,"R$85.229,66",18,"R$6.313,31",60,"R$1.420,49",1046,"R$116,40",1265,"R$50,00",11270,"R$24,00",9496,"R$12,00",87040,"R$6,00",Sim,"R$7.282.704,00","R$39.000.000,00",
50,06/05/2023,12,21,24,26,35,49,1,6,0,,"R$0,00",0,"R$0,00",2,"R$146.849,85",8,"R$16.316,65",64,"R$1.529,69",1013,"R$138,06",1385,"R$50,00",10054,"R$24,00",10484,"R$12,00",81400,"R$6,00",Sim,"R$7.905.552,00","R$40.000.000,00",
51,13/05/2023,14,17,18,34,46,50,3,5,0,,"R$0,00",0,"R$0,00",2,"R$144.528,31",19,"R$6.761,56",99,"R$1.390,36",1073,"R$128,28",1916,"R$50,00",12648,"R$24,00",15066,"R$12,00",99482,"R$6,00",Sim,"R$8.428.668,00","R$41.000.000,00",
52,20/05/2023,24,29,31,36,49,50,4,6,0,,"R$0,00",0,"R$0,00",2,"R$172.929,15",25,"R$6.148,59",70,"R$1.646,94",1513,"R$108,85",1623,"R$50,00",15434,"R$24,00",11895,"R$12,00",109918,"R$6,00",Sim,"R$9.709.758,00","R$42.000.000,00",
53,27/05/2023,2,16,23,33,35,44,1,6,0,,"R$0,00",1,"R$159.412,11",3,"R$42.509,90",32,"R$3.985,30",100,"R$1.366,38",1530,"R$89,30",1585,"R$50,00",12465,"R$24,00",11394,"R$12,00",87310,"R$6,00",Sim,"R$8.052.726,00","R$48.000.000,00",
54,03/06/2023,8,11,13,21,38,39,2,6,0,,"R$0,00",0,"R$0,00",2,"R$139.191,01",21,"R$5.891,69",77,"R$1.721,59",938,"R$141,32",1459,"R$50,00",10870,"R$24,00",12076,"R$12,00",88718,"R$6,00",Sim,"R$7.819.902,00","R$49.000.000,00",
55,10/06/2023,17,25,36,40,46,50,1,5,0,,"R$0,00",0,"R$0,00",1,"R$306.930,45",16,"R$8.525,84",83,"R$1.760,93",1160,"R$125,99",1508,"R$50,00",11819,"R$24,00",12272,"R$12,00",94852,"R$6,00",Sim,"R$8.526.408,00","R$50.000.000,00",
56,17/06/2023,1,14,27,28,44,46,3,4,0,,"R$0,00",0,"R$0,00",0,"R$0,00",26,"R$16.211,35",89,"R$1.561,28",1007,"R$137,98",1632,"R$50,00",11349,"R$24,00",12790,"R$12,00",88478,"R$6,00",Sim,"R$8.144.796,00","R$51.000.000,00",
57,24/06/2023,8,16,26,40,44,50,2,6,0,,"R$0,00",0,"R$0,00",2,"R$139.793,43",16,"R$7.766,30",74,"R$1.799,14",975,"R$136,55",1536,"R$50,00",10185,"R$24,00",12171,"R$12,00",85054,"R$6,00",Sim,"R$7.761.936,00","R$52.000.000,00",
58,01/07/2023,3,18,21,26,28,31,3,5,0,,"R$0,00",0,"R$0,00",5,"R$65.620,73",23,"R$6.340,17",87,"R$1.795,86",1199,"R$130,30",1965,"R$50,00",13004,"R$24,00",16282,"R$12,00",104001,"R$6,00",Sim,"R$9.309.132,00","R$53.000.000,00",
59,08/07/2023,9,16,21,22,34,48,1,2,0,,"R$0,00",0,"R$0,00",5,"R$94.202,64",22,"R$9.515,42",119,"R$1.884,80",1670,"R$134,30",1948,"R$50,00",18207,"R$24,00",15759,"R$12,00",148733,"R$6,00",Sim,"R$13.000.848,00","R$55.000.000,00",
60,15/07/2023,4,7,17,27,36,41,4,5,0,,"R$0,00",0,"R$0,00",4,"R$90.124,32",29,"R$5.524,87",106,"R$1.619,48",1458,"R$117,74",1762,"R$50,00",16982,"R$24,00",13033,"R$12,00",126699,"R$6,00",Sim,"R$10.376.610,00","R$55.500.000,00",
61,19/07/2023,6,14,15,23,25,45,4,5,0,,"R$0,00",0,"R$0,00",0,"R$0,00",22,"R$12.750,60",55,"R$1.681,39",874,"R$105,80",963,"R$50,00",8953,"R$24,00",6527,"R$12,00",64579,"R$6,00",Sim,"R$5.512.296,00","R$56.500.000,00",
62,22/07/2023,4,25,29,35,44,47,1,5,0,,"R$0,00",0,"R$0,00",0,"R$0,00",14,"R$28.463,78",45,"R$2.043,56",875,"R$150,13",1361,"R$50,00",9759,"R$24,00",10158,"R$12,00",81257,"R$6,00",Sim,"R$7.530.444,00","R$57.500.000,00",
63,26/07/2023,22,24,28,32,43,46,1,3,0,,"R$0,00",0,"R$0,00",1,"R$244.617,84",21,"R$5.177,10",46,"R$1.772,59",854,"R$136,39",968,"R$50,00",9045,"R$24,00",8259,"R$12,00",71688,"R$6,00",Sim,"R$6.643.908,00","R$58.500.000,00",
64,29/07/2023,13,18,21,33,42,49,1,4,0,,"R$0,00",1,"R$163.996,12",1,"R$131.196,90",42,"R$3.123,73",97,"R$1.449,15",1681,"R$83,62",1431,"R$50,00",14181,"R$24,00",10701,"R$12,00",97401,"R$6,00",Sim,"R$8.419.872,00","R$60.000.000,00",
65,02/08/2023,9,11,15,23,31,43,2,5,0,,"R$0,00",1,"R$122.080,28",1,"R$97.664,23",25,"R$3.906,57",78,"R$1.341,54",925,"R$113,12",1749,"R$50,00",10594,"R$24,00",12487,"R$12,00",75694,"R$6,00",Sim,"R$6.531.216,00","R$61.000.000,00",
66,05/08/2023,2,17,20,28,46,50,1,2,0,,"R$0,00",0,"R$0,00",2,"R$145.044,60",29,"R$4.445,81",73,"R$1.892,29",1441,"R$95,86",1515,"R$50,00",15273,"R$24,00",11077,"R$12,00",106193,"R$6,00",Sim,"R$8.534.400,00","R$62.000.000,00",
67,09/08/2023,1,8,10,20,28,39,4,5,0,,"R$0,00",0,"R$0,00",0,"R$0,00",16,"R$22.341,44",55,"R$1.499,85",869,"R$135,60",943,"R$50,00",10021,"R$24,00",7730,"R$12,00",77718,"R$6,00",Sim,"R$6.825.240,00","R$63.000.000,00",
68,12/08/2023,4,15,24,29,38,41,3,4,0,,"R$0,00",0,"R$0,00",2,"R$146.411,48",17,"R$7.655,51",62,"R$1.574,32",887,"R$157,20",1494,"R$50,00",11185,"R$24,00",11699,"R$12,00",86219,"R$6,00",Sim,"R$8.073.414,00","R$63.500.000,00",
69,16/08/2023,2,9,41,43,44,46,3,5,0,,"R$0,00",0,"R$0,00",0,"R$0,00",9,"R$42.926,31",47,"R$1.896,91",848,"R$150,19",1190,"R$50,00",9044,"R$24,00",10417,"R$12,00",75932,"R$6,00",Sim,"R$7.235.796,00","R$65.000.000,00",
70,19/08/2023,1,2,16,32,37,39,3,6,0,,"R$0,00",0,"R$0,00",0,"R$0,00",8,"R$67.934,58",66,"R$1.900,27",864,"R$207,37",1549,"R$50,00",12762,"R$24,00",13067,"R$12,00",112981,"R$6,00",Sim,"R$10.209.588,00","R$66.000.000,00",
71,23/08/2023,4,14,23,38,45,47,4,6,0,,"R$0,00",0,"R$0,00",0,"R$0,00",10,"R$38.213,36",46,"R$1.917,06",992,"R$126,99",1183,"R$50,00",10496,"R$24,00",8584,"R$12,00",81298,"R$6,00",Sim,"R$7.288.254,00","R$67.000.000,00",
72,26/08/2023,6,7,25,35,41,48,2,6,0,,"R$0,00",0,"R$0,00",0,"R$0,00",16,"R$28.559,68",67,"R$1.573,90",990,"R$152,16",1486,"R$50,00",10724,"R$24,00",12646,"R$12,00",94214,"R$6,00",Sim,"R$8.643.120,00","R$68.000.000,00",
73,30/08/2023,6,17,27,31,40,41,2,5,0,,"R$0,00",0,"R$0,00",4,"R$68.471,95",3,"R$40.575,97",125,"R$1.043,38",1551,"R$84,08",2082,"R$50,00",14697,"R$24,00",14236,"R$12,00",94880,"R$6,00",Sim,"R$8.184.672,00","R$69.000.000,00",
74,02/09/2023,2,13,30,32,33,41,2,6,0,,"R$0,00",0,"R$0,00",0,"R$0,00",10,"R$49.678,35",80,"R$2.047,18",1069,"R$153,20",1722,"R$50,00",13329,"R$24,00",14176,"R$12,00",104668,"R$6,00",Sim,"R$9.551.862,00","R$70.000.000,00",
75,06/09/2023,4,10,11,19,26,31,1,3,0,,"R$0,00",0,"R$0,00",0,"R$0,00",22,"R$16.951,28",94,"R$1.307,90",1113,"R$110,46",1636,"R$50,00",11120,"R$24,00",11589,"R$12,00",86122,"R$6,00",Sim,"R$7.414.644,00","R$71.000.000,00",
76,09/09/2023,8,16,23,38,42,49,1,3,0,,"R$0,00",0,"R$0,00",1,"R$236.909,22",27,"R$3.899,74",79,"R$1.428,02",1371,"R$82,28",1205,"R$50,00",10472,"R$24,00",8875,"R$12,00",76279,"R$6,00",Sim,"R$6.692.124,00","R$72.000.000,00",
77,13/09/2023,21,22,25,31,41,48,5,6,0,,"R$0,00",0,"R$0,00",0,"R$0,00",10,"R$45.742,81",51,"R$2.069,81",898,"R$167,92",1149,"R$50,00",11437,"R$24,00",9901,"R$12,00",95009,"R$6,00",Sim,"R$8.581.668,00","R$73.000.000,00",
78,16/09/2023,5,11,12,30,41,49,2,4,0,,"R$0,00",0,"R$0,00",2,"R$195.117,33",29,"R$5.980,61",110,"R$1.689,32",1652,"R$112,48",2266,"R$50,00",16316,"R$24,00",17745,"R$12,00",127536,"R$6,00",Sim,"R$11.121.570,00","R$74.000.000,00",
79,20/09/2023,4,11,15,18,26,28,2,3,0,,"R$0,00",0,"R$0,00",2,"R$153.669,62",26,"R$5.253,67",117,"R$1.250,87",1470,"R$99,55",1878,"R$50,00",15015,"R$24,00",12719,"R$12,00",109342,"R$6,00",Sim,"R$8.989.596,00","R$75.000.000,00",
80,23/09/2023,22,27,31,32,41,47,2,3,0,,"R$0,00",0,"R$0,00",1,"R$360.286,86",24,"R$6.671,98",94,"R$1.825,16",940,"R$182,51",1388,"R$50,00",12194,"R$24,00",12614,"R$12,00",109205,"R$6,00",Sim,"R$9.781.032,00","R$76.000.000,00",
81,27/09/2023,4,6,15,38,49,50,3,4,0,,"R$0,00",0,"R$0,00",2,"R$154.523,10",29,"R$4.736,34",82,"R$1.794,69",1114,"R$132,10",1729,"R$50,00",12948,"R$24,00",13334,"R$12,00",99086,"R$6,00",Sim,"R$8.752.440,00","R$77.000.000,00",
82,30/09/2023,12,13,18,21,27,34,2,3,0,,"R$0,00",0,"R$0,00",0,"R$0,00",22,"R$25.368,12",110,"R$1.672,62",1665,"R$110,50",2271,"R$50,00",19665,"R$24,00",16725,"R$12,00",143152,"R$6,00",Sim,"R$11.440.776,00","R$78.000.000,00",
83,04/10/2023,1,15,27,31,37,41,2,6,0,,"R$0,00",0,"R$0,00",0,"R$0,00",11,"R$46.647,21",78,"R$1.518,11",976,"R$173,31",1585,"R$50,00",12903,"R$24,00",12834,"R$12,00",102074,"R$6,00",Sim,"R$9.651.456,00","R$80.000.000,00",
84,07/10/2023,24,27,35,42,44,46,1,5,0,,"R$0,00",0,"R$0,00",4,"R$126.889,87",24,"R$9.399,25",204,"R$1.184,77",1796,"R$134,57",3001,"R$50,00",18813,"R$24,00",21599,"R$12,00",153121,"R$6,00",Sim,"R$14.102.412,00","R$82.000.000,00",
85,11/10/2023,2,10,19,36,40,48,1,3,0,,"R$0,00",0,"R$0,00",3,"R$139.328,31",25,"R$7.430,84",94,"R$1.482,22",1393,"R$142,88",1881,"R$50,00",16181,"R$24,00",15760,"R$12,00",129276,"R$6,00",Sim,"R$11.569.260,00","R$84.000.000,00",
86,14/10/2023,2,3,9,11,22,45,1,6,0,,"R$0,00",0,"R$0,00",2,"R$209.588,54",40,"R$4.657,52",125,"R$1.596,86",2039,"R$97,89",2499,"R$50,00",19892,"R$24,00",17845,"R$12,00",136696,"R$6,00",Sim,"R$12.052.392,00","R$86.000.000,00",
87,18/10/2023,2,3,6,12,44,49,4,5,0,,"R$0,00",0,"R$0,00",3,"R$124.977,51",43,"R$3.875,27",94,"R$1.899,35",1632,"R$109,39",1572,"R$50,00",16200,"R$24,00",13166,"R$12,00",130980,"R$6,00",Sim,"R$10.652.406,00","R$87.000.000,00",
88,21/10/2023,2,21,30,36,42,44,2,3,0,,"R$0,00",0,"R$0,00",1,"R$430.826,48",23,"R$8.325,15",106,"R$1.935,42",1224,"R$167,61",2181,"R$50,00",16617,"R$24,00",17466,"R$12,00",137490,"R$6,00",Sim,"R$12.047.952,00","R$88.000.000,00",
89,25/10/2023,2,6,9,21,23,41,3,6,0,,"R$0,00",0,"R$0,00",1,"R$365.540,10",32,"R$5.076,94",133,"R$1.308,77",1728,"R$100,73",2266,"R$50,00",18307,"R$24,00",16357,"R$12,00",132411,"R$6,00",Sim,"R$10.792.278,00","R$89.000.000,00",
90,28/10/2023,11,17,30,42,44,50,1,4,0,,"R$0,00",0,"R$0,00",3,"R$138.041,68",55,"R$3.346,47",153,"R$1.288,90",1920,"R$102,70",2233,"R$50,00",17191,"R$24,00",16062,"R$12,00",130932,"R$6,00",Sim,"R$11.629.398,00","R$90.000.000,00",
91,01/11/2023,1,6,13,20,29,39,2,4,0,,"R$0,00",0,"R$0,00",0,"R$0,00",18,"R$29.289,96",113,"R$1.538,12",1343,"R$129,41",1804,"R$50,00",14159,"R$24,00",14083,"R$12,00",113162,"R$6,00",Sim,"R$10.137.300,00","R$91.000.000,00",
92,04/11/2023,5,8,20,33,45,49,3,4,0,,"R$0,00",0,"R$0,00",3,"R$155.123,70",33,"R$6.267,62",136,"R$1.629,45",1724,"R$128,54",2804,"R$50,00",19822,"R$24,00",20336,"R$12,00",154575,"R$6,00",Sim,"R$13.308.642,00","R$93.000.000,00",
93,08/11/2023,11,13,19,32,38,50,1,5,0,,"R$0,00",0,"R$0,00",5,"R$84.180,30",31,"R$6.034,43",166,"R$1.207,40",1817,"R$110,30",2577,"R$50,00",19713,"R$24,00",18200,"R$12,00",148834,"R$6,00",Sim,"R$12.271.848,00","R$95.000.000,00",
94,11/11/2023,7,20,21,24,26,50,3,6,0,,"R$0,00",0,"R$0,00",2,"R$248.805,97",26,"R$8.506,19",146,"R$1.623,00",1991,"R$119,01",2441,"R$50,00",20520,"R$24,00",19832,"R$12,00",157205,"R$6,00",Sim,"R$13.950.210,00","R$97.000.000,00",
95,16/11/2023,9,18,23,30,38,43,2,3,0,,"R$0,00",0,"R$0,00",6,"R$63.227,58",27,"R$6.244,70",131,"R$1.379,00",1232,"R$146,63",2124,"R$50,00",16170,"R$24,00",16579,"R$12,00",129479,"R$6,00",Sim,"R$10.880.688,00","R$98.000.000,00",
96,18/11/2023,5,13,15,22,34,41,2,5,0,,"R$0,00",0,"R$0,00",3,"R$118.422,50",21,"R$7.518,89",174,"R$972,27",1509,"R$112,11",2691,"R$50,00",16463,"R$24,00",20904,"R$12,00",121702,"R$6,00",Sim,"R$10.514.916,00","R$100.000.000,00",
97,22/11/2023,2,6,17,19,30,34,1,6,0,,"R$0,00",0,"R$0,00",1,"R$394.896,44",27,"R$6.500,35",113,"R$1.664,12",1388,"R$135,47",2144,"R$50,00",15958,"R$24,00",17674,"R$12,00",126666,"R$6,00",Sim,"R$11.160.990,00","R$101.000.000,00",
98,25/11/2023,15,18,23,35,47,50,3,5,0,,"R$0,00",0,"R$0,00",1,"R$472.063,67",46,"R$4.561,00",175,"R$1.284,52",1825,"R$123,17",2888,"R$50,00",19426,"R$24,00",22736,"R$12,00",160787,"R$6,00",Sim,"R$13.585.176,00","R$103.000.000,00",
99,29/11/2023,5,8,20,23,33,40,1,4,0,,"R$0,00",0,"R$0,00",3,"R$135.756,77",45,"R$4.022,42",136,"R$1.426,01",2116,"R$91,65",2035,"R$50,00",17075,"R$24,00",15347,"R$12,00",132771,"R$6,00",Sim,"R$11.472.456,00","R$104.000.000,00",
100,02/12/2023,11,21,32,36,37,42,4,6,0,,"R$0,00",0,"R$0,00",1,"R$528.586,79",27,"R$8.701,02",85,"R$2.072,89",1384,"R$181,86",1740,"R$50,00",16614,"R$24,00",14622,"R$12,00",143610,"R$6,00",Sim,"R$13.884.522,00","R$105.000.000,00",
101,06/12/2023,2,25,31,37,44,49,1,6,0,,"R$0,00",0,"R$0,00",2,"R$215.118,82",37,"R$5.168,02",131,"R$1.563,93",1622,"R$126,31",2009,"R$50,00",16087,"R$24,00",16040,"R$12,00",124265,"R$6,00",Sim,"R$11.750.604,00","R$107.000.000,00",
102,09/12/2023,10,12,15,16,29,41,3,5,0,,"R$0,00",0,"R$0,00",1,"R$445.024,19",21,"R$9.418,50",137,"R$1.546,83",1656,"R$127,96",2676,"R$50,00",18441,"R$24,00",20927,"R$12,00",145559,"R$6,00",Sim,"R$12.706.368,00","R$108.000.000,00",
103,13/12/2023,2,4,11,29,32,40,4,6,0,,"R$0,00",0,"R$0,00",1,"R$463.816,74",15,"R$13.742,72",114,"R$1.937,41",1557,"R$141,85",1787,"R$50,00",16343,"R$24,00",13540,"R$12,00",128392,"R$6,00",Sim,"R$12.372.972,00","R$110.000.000,00",
104,16/12/2023,4,17,33,38,39,47,3,4,0,,"R$0,00",1,"R$230.322,08",1,"R$184.257,67",35,"R$5.264,51",134,"R$1.473,27",1899,"R$103,95",2556,"R$50,00",18347,"R$24,00",18775,"R$12,00",135194,"R$6,00",Sim,"R$11.885.892,00","R$111.000.000,00",
105,20/12/2023,5,7,22,32,36,45,2,5,0,,"R$0,00",0,"R$0,00",4,"R$105.728,54",24,"R$7.831,74",171,"R$1.177,70",1552,"R$129,76",3113,"R$50,00",17129,"R$24,00",24203,"R$12,00",136231,"R$6,00",Sim,"R$12.216.426,00","R$113.000.000,00",
106,23/12/2023,21,22,37,42,46,50,3,4,0,,"R$0,00",0,"R$0,00",4,"R$114.435,31",25,"R$8.137,62",87,"R$1.753,80",1483,"R$146,98",2359,"R$50,00",17643,"R$24,00",19870,"R$12,00",145574,"R$6,00",Sim,"R$12.835.872,00","R$114.000.000,00",
107,27/12/2023,10,15,16,26,33,40,3,6,0,,"R$0,00",0,"R$0,00",1,"R$375.773,75",14,"R$11.929,33",97,"R$1.844,74",1306,"R$137,01",1664,"R$50,00",13046,"R$24,00",13162,"R$12,00",107733,"R$6,00",Sim,"R$10.157.172,00","R$115.000.000,00",
108,30/12/2023,15,31,33,35,36,44,1,6,0,,"R$0,00",0,"R$0,00",3,"R$159.297,52",18,"R$11.799,82",87,"R$1.831,01",1545,"R$147,29",2120,"R$50,00",15823,"R$24,00",16656,"R$12,00",126125,"R$6,00",Sim,"R$12.712.128,00","R$117.000.000,00",
109,03/01/2024,2,24,26,29,35,43,1,5,0,,"R$0,00",0,"R$0,00",2,"R$226.185,30",16,"R$12.565,85",104,"R$2.071,29",1501,"R$143,51",2029,"R$50,00",15344,"R$24,00",15635,"R$12,00",127484,"R$6,00",Sim,"R$12.171.366,00","R$119.000.000,00",
110,06/01/2024,1,22,25,30,36,42,1,6,0,,"R$0,00",0,"R$0,00",3,"R$194.191,62",23,"R$11.257,49",112,"R$1.733,86",1562,"R$177,60",2445,"R$50,00",18064,"R$24,00",20561,"R$12,00",147712,"R$6,00",Sim,"R$15.327.870,00","R$121.000.000,00",
111,10/01/2024,3,15,23,24,26,50,1,3,0,,"R$0,00",1,"R$268.706,10",1,"R$214.964,88",27,"R$7.961,66",101,"R$1.596,28",1768,"R$130,27",2602,"R$50,00",22442,"R$24,00",21006,"R$12,00",174570,"R$6,00",Sim,"R$14.100.306,00","R$122.000.000,00",
112,13/01/2024,9,21,26,38,40,50,3,6,0,,"R$0,00",0,"R$0,00",1,"R$542.539,47",33,"R$7.306,93",117,"R$1.545,70",1608,"R$160,66",2570,"R$50,00",19399,"R$24,00",19727,"R$12,00",155556,"R$6,00",Sim,"R$14.739.282,00","R$124.000.000,00",
113,17/01/2024,16,27,33,37,40,42,2,3,0,,"R$0,00",0,"R$0,00",1,"R$505.524,72",27,"R$8.321,39",92,"R$1.831,61",1569,"R$153,42",2314,"R$50,00",20068,"R$24,00",18925,"R$12,00",161828,"R$6,00",Sim,"R$14.101.866,00","R$126.000.000,00",
114,20/01/2024,3,11,20,36,47,50,3,6,0,,"R$0,00",0,"R$0,00",2,"R$273.678,40",37,"R$6.574,86",172,"R$1.515,38",2382,"R$109,42",2923,"R$50,00",22346,"R$24,00",23525,"R$12,00",174543,"R$6,00",Sim,"R$15.434.016,00","R$128.000.000,00",
115,24/01/2024,7,8,16,25,26,48,3,6,0,,"R$0,00",0,"R$0,00",2,"R$252.467,52",24,"R$9.350,65",125,"R$1.923,56",1840,"R$130,67",2653,"R$50,00",20335,"R$24,00",20427,"R$12,00",154485,"R$6,00",Sim,"R$14.084.004,00","R$130.000.000,00",
116,27/01/2024,4,14,30,35,41,50,2,5,0,,"R$0,00",0,"R$0,00",1,"R$578.580,90",34,"R$7.563,15",146,"R$1.887,08",1885,"R$146,16",3245,"R$50,00",20448,"R$24,00",28028,"R$12,00",164411,"R$6,00",Sim,"R$15.947.832,00","R$132.000.000,00",
117,31/01/2024,4,5,11,25,27,38,1,2,0,,"R$0,00",0,"R$0,00",4,"R$132.206,78",52,"R$4.519,89",149,"R$1.690,08",2303,"R$109,34",2543,"R$50,00",23858,"R$24,00",18396,"R$12,00",178665,"R$6,00",Sim,"R$15.029.502,00","R$134.000.000,00",
118,03/02/2024,14,25,36,37,38,41,4,6,0,,"R$0,00",0,"R$0,00",0,"R$0,00",31,"R$28.135,31",99,"R$2.033,09",1561,"R$184,20",1897,"R$50,00",18376,"R$24,00",16756,"R$12,00",156936,"R$6,00",Sim,"R$15.712.596,00","R$136.000.000,00",
119,07/02/2024,9,22,39,40,41,45,4,6,0,,"R$0,00",0,"R$0,00",1,"R$557.732,73",29,"R$8.547,63",109,"R$1.705,60",1556,"R$170,68",1986,"R$50,00",18225,"R$24,00",15253,"R$12,00",150008,"R$6,00",Sim,"R$14.681.562,00","R$138.000.000,00",
120,10/02/2024,1,4,10,26,32,34,3,4,0,,"R$0,00",0,"R$0,00",5,"R$117.090,54",26,"R$10.007,74",150,"R$1.858,57",1993,"R$139,88",2697,"R$50,00",20536,"R$24,00",24180,"R$12,00",171954,"R$6,00",Sim,"R$16.016.628,00","R$140.000.000,00",
121,14/02/2024,1,2,19,26,30,49,1,3,0,,"R$0,00",0,"R$0,00",2,"R$181.521,84",27,"R$5.976,03",112,"R$1.543,55",1236,"R$139,86",1939,"R$50,00",14318,"R$24,00",14631,"R$12,00",115548,"R$6,00",Sim,"R$10.176.024,00","R$142.000.000,00",
122,17/02/2024,4,15,18,31,32,50,2,5,0,,"R$0,00",0,"R$0,00",3,"R$168.803,11",42,"R$5.358,83",208,"R$1.159,36",2206,"R$109,31",3935,"R$50,00",22711,"R$24,00",29707,"R$12,00",169568,"R$6,00",Sim,"R$14.896.686,00","R$143.000.000,00",
123,21/02/2024,9,15,25,28,32,34,2,5,0,,"R$0,00",0,"R$0,00",3,"R$158.704,51",31,"R$6.826,00",170,"R$1.333,65",1592,"R$142,41",3016,"R$50,00",17444,"R$24,00",24055,"R$12,00",139649,"R$6,00",Sim,"R$13.293.726,00","R$144.000.000,00",
124,24/02/2024,1,13,17,24,44,47,1,2,0,,"R$0,00",0,"R$0,00",7,"R$72.103,35",41,"R$5.471,26",147,"R$1.634,99",2781,"R$86,42",2687,"R$50,00",28499,"R$24,00",19125,"R$12,00",188178,"R$6,00",Sim,"R$15.012.774,00","R$145.000.000,00",
125,28/02/2024,24,33,38,41,42,43,2,6,0,,"R$0,00",0,"R$0,00",2,"R$230.735,54",18,"R$11.394,35",111,"R$1.979,71",1521,"R$144,47",2229,"R$50,00",17765,"R$24,00",17482,"R$12,00",140847,"R$6,00",Sim,"R$12.760.626,00","R$147.000.000,00",
126,02/03/2024,4,7,28,29,31,47,1,3,0,,"R$0,00",0,"R$0,00",4,"R$127.877,87",34,"R$6.686,43",146,"R$1.668,33",2071,"R$117,61",2611,"R$50,00",22457,"R$24,00",20719,"R$12,00",169842,"R$6,00",Sim,"R$14.561.556,00","R$150.000.000,00",
127,06/03/2024,1,4,11,24,40,46,1,6,0,,"R$0,00",0,"R$0,00",2,"R$265.437,81",23,"R$10.258,47",131,"R$1.929,75",1701,"R$148,61",2681,"R$50,00",19549,"R$24,00",21052,"R$12,00",152344,"R$6,00",Sim,"R$14.528.532,00","R$151.000.000,00",
128,09/03/2024,5,15,33,40,42,50,1,2,0,,"R$0,00",1,"R$316.881,60",9,"R$28.167,26",73,"R$3.472,68",155,"R$1.752,34",3043,"R$89,25",2808,"R$50,00",29334,"R$24,00",20265,"R$12,00",203642,"R$6,00",Sim,"R$16.600.080,00","R$153.000.000,00",
129,13/03/2024,5,7,14,27,29,39,2,4,0,,"R$0,00",0,"R$0,00",3,"R$156.525,79",33,"R$6.324,27",137,"R$1.632,17",2119,"R$105,52",2644,"R$50,00",21369,"R$24,00",19955,"R$12,00",157968,"R$6,00",Sim,"R$13.498.764,00","R$155.000.000,00",
130,16/03/2024,5,6,11,26,31,47,1,2,0,,"R$0,00",0,"R$0,00",0,"R$0,00",29,"R$26.204,48",125,"R$2.004,21",1815,"R$138,03",2193,"R$50,00",21861,"R$24,00",18175,"R$12,00",176878,"R$6,00",Sim,"R$14.785.698,00","R$157.000.000,00",
131,20/03/2024,21,22,24,29,36,37,2,6,0,,"R$0,00",0,"R$0,00",2,"R$233.217,83",11,"R$18.845,89",114,"R$1.948,35",1274,"R$174,34",2047,"R$50,00",16673,"R$24,00",17232,"R$12,00",139970,"R$6,00",Sim,"R$12.750.504,00","R$159.000.000,00",
132,23/03/2024,3,25,34,38,45,46,5,6,0,,"R$0,00",0,"R$0,00",1,"R$521.902,62",39,"R$5.947,61",87,"R$1.999,62",1829,"R$135,88",2118,"R$50,00",19781,"R$24,00",16786,"R$12,00",164642,"R$6,00",Sim,"R$14.355.642,00","R$161.000.000,00",
133,27/03/2024,10,21,24,30,46,49,1,4,0,,"R$0,00",0,"R$0,00",4,"R$120.817,29",25,"R$8.591,45",112,"R$2.054,71",1508,"R$152,60",2124,"R$50,00",17583,"R$24,00",17016,"R$12,00",143205,"R$6,00",Sim,"R$13.178.130,00","R$162.000.000,00",
134,30/03/2024,4,7,10,11,20,26,2,5,0,,"R$0,00",0,"R$0,00",1,"R$422.442,98",37,"R$5.074,39",210,"R$957,92",2248,"R$89,48",3480,"R$50,00",20856,"R$24,00",25258,"R$12,00",147790,"R$6,00",Sim,"R$12.668.250,00","R$164.000.000,00",
135,03/04/2024,6,8,19,32,34,41,3,5,0,,"R$0,00",0,"R$0,00",2,"R$251.951,52",20,"R$11.197,85",145,"R$1.654,85",1710,"R$140,32",2680,"R$50,00",19522,"R$24,00",22071,"R$12,00",157976,"R$6,00",Sim,"R$14.118.780,00","R$165.000.000,00",
136,06/04/2024,15,18,20,21,22,37,3,5,0,,"R$0,00",0,"R$0,00",0,"R$0,00",24,"R$35.896,29",133,"R$2.135,44",1995,"R$142,36",2929,"R$50,00",22327,"R$24,00",23660,"R$12,00",178559,"R$6,00",Sim,"R$16.441.812,00","R$167.000.000,00",
137,10/04/2024,1,9,21,22,27,40,1,4,0,,"R$0,00",0,"R$0,00",5,"R$104.837,28",71,"R$3.281,29",112,"R$2.228,68",1577,"R$158,28",2305,"R$50,00",18632,"R$24,00",18782,"R$12,00",149926,"R$6,00",Sim,"R$14.199.156,00","R$170.000.000,00",
138,13/04/2024,15,31,39,42,44,45,4,5,0,,"R$0,00",0,"R$0,00",4,"R$141.877,21",20,"R$12.611,31",147,"R$1.838,38",1829,"R$147,75",2274,"R$50,00",20435,"R$24,00",18347,"R$12,00",165542,"R$6,00",Sim,"R$15.350.196,00","R$173.000.000,00",
139,17/04/2024,3,8,25,27,41,43,2,5,0,,"R$0,00",0,"R$0,00",0,"R$0,00",18,"R$36.963,04",142,"R$1.544,65",1724,"R$127,22",3005,"R$50,00",18026,"R$24,00",23810,"R$12,00",144036,"R$6,00",Sim,"R$13.084.428,00","R$174.000.000,00",
140,20/04/2024,6,7,14,20,40,44,1,4,0,,"R$0,00",0,"R$0,00",13,"R$41.788,47",38,"R$6.353,81",156,"R$1.658,27",1691,"R$152,98",2538,"R$50,00",19502,"R$24,00",19932,"R$12,00",159232,"R$6,00",Sim,"R$14.814.624,00","R$176.000.000,00",
141,24/04/2024,2,20,21,30,40,44,3,6,0,,"R$0,00",0,"R$0,00",2,"R$278.310,37",19,"R$13.020,37",122,"R$2.172,60",1724,"R$153,74",2309,"R$50,00",18018,"R$24,00",19528,"R$12,00",146253,"R$6,00",Sim,"R$14.757.144,00","R$177.000.000,00",
142,27/04/2024,11,12,23,32,40,43,3,4,0,,"R$0,00",0,"R$0,00",2,"R$318.968,42",43,"R$6.593,66",200,"R$1.518,89",2639,"R$115,11",3661,"R$50,00",27036,"R$24,00",27427,"R$12,00",202244,"R$6,00",Sim,"R$18.059.838,00","R$178.000.000,00",
143,04/05/2024,21,22,30,32,44,50,4,6,0,,"R$0,00",1,"R$478.097,87",6,"R$63.746,39",56,"R$6.829,97",225,"R$1.821,32",3481,"R$117,72",3728,"R$50,00",35487,"R$24,00",28517,"R$12,00",266759,"R$6,00",Sim,"R$23.822.778,00","R$181.000.000,00",
144,08/05/2024,15,18,19,24,33,38,2,3,0,,"R$0,00",0,"R$0,00",2,"R$287.824,55",41,"R$6.240,10",217,"R$1.263,21",2638,"R$103,91",3719,"R$50,00",29455,"R$24,00",27306,"R$12,00",223047,"R$6,00",Sim,"R$17.307.030,00","R$183.000.000,00",
145,11/05/2024,10,11,13,17,18,37,1,5,0,,"R$0,00",0,"R$0,00",3,"R$205.816,90",48,"R$5.717,14",182,"R$1.615,51",2771,"R$106,10",3589,"R$50,00",28730,"R$24,00",28959,"R$12,00",220016,"R$6,00",Sim,"R$18.058.584,00","R$185.000.000,00",
146,15/05/2024,5,19,24,28,30,37,5,6,0,,"R$0,00",0,"R$0,00",2,"R$301.352,99",31,"R$8.640,94",154,"R$1.863,65",2735,"R$104,93",2803,"R$50,00",27814,"R$24,00",20694,"R$12,00",200825,"R$6,00",Sim,"R$17.105.190,00","R$187.000.000,00",
147,18/05/2024,5,10,16,28,45,49,1,6,0,,"R$0,00",0,"R$0,00",3,"R$238.178,04",45,"R$7.057,13",197,"R$1.727,17",2382,"R$142,84",3857,"R$50,00",24795,"R$24,00",29012,"R$12,00",204038,"R$6,00",Sim,"R$19.501.506,00","R$190.000.000,00",
148,22/05/2024,5,26,28,35,47,48,5,6,0,,"R$0,00",0,"R$0,00",4,"R$141.671,95",57,"R$4.418,62",134,"R$2.013,81",2489,"R$108,41",2343,"R$50,00",23883,"R$24,00",18416,"R$12,00",179759,"R$6,00",Sim,"R$15.752.832,00","R$194.000.000,00",
149,25/05/2024,12,15,29,30,46,50,1,5,0,,"R$0,00",1,"R$370.449,59",5,"R$59.271,94",42,"R$7.056,19",192,"R$1.653,79",2751,"R$115,42",3639,"R$50,00",29654,"R$24,00",25867,"R$12,00",216400,"R$6,00",Sim,"R$18.926.940,00","R$214.000.000,00",
150,29/05/2024,22,28,29,31,39,40,2,6,0,,"R$0,00",0,"R$0,00",1,"R$691.780,59",22,"R$13.975,36",130,"R$1.773,80",1836,"R$179,42",3043,"R$50,00",25139,"R$24,00",25658,"R$12,00",202028,"R$6,00",Sim,"R$18.857.214,00","R$215.000.000,00",
151,01/06/2024,1,12,21,22,36,37,1,5,0,,"R$0,00",1,"R$361.833,74",0,"R$0,00",21,"R$27.568,29",165,"R$1.879,65",2749,"R$112,82",3137,"R$50,00",26062,"R$24,00",25030,"R$12,00",204527,"R$6,00",Sim,"R$18.160.416,00","R$217.000.000,00",
152,05/06/2024,18,21,31,32,34,36,1,3,0,,"R$0,00",0,"R$0,00",1,"R$660.565,01",29,"R$10.123,60",122,"R$1.804,82",1779,"R$176,81",2742,"R$50,00",22556,"R$24,00",23748,"R$12,00",198712,"R$6,00",Sim,"R$17.964.600,00","R$220.000.000,00",
153,08/06/2024,9,10,13,20,34,50,1,6,0,,"R$0,00",0,"R$0,00",8,"R$88.600,96",61,"R$5.164,35",309,"R$1.092,32",2744,"R$123,00",4536,"R$50,00",30148,"R$24,00",31674,"R$12,00",224933,"R$6,00",Sim,"R$20.167.536,00","R$222.000.000,00",
154,12/06/2024,13,14,16,23,40,41,2,4,0,,"R$0,00",0,"R$0,00",8,"R$81.505,27",57,"R$5.084,15",164,"R$1.893,27",1923,"R$161,46",3797,"R$50,00",26812,"R$24,00",30650,"R$12,00",217888,"R$6,00",Sim,"R$18.656.964,00","R$224.000.000,00",
155,15/06/2024,3,6,7,17,23,31,3,4,0,,"R$0,00",0,"R$0,00",3,"R$200.505,35",50,"R$5.346,81",233,"R$1.229,33",2868,"R$99,87",4194,"R$50,00",30869,"R$24,00",29299,"R$12,00",215793,"R$6,00",Sim,"R$17.897.988,00","R$226.000.000,00",
156,19/06/2024,23,27,28,35,40,46,1,6,0,,"R$0,00",0,"R$0,00",3,"R$210.599,58",26,"R$10.799,98",119,"R$1.769,74",1516,"R$198,45",2615,"R$50,00",18618,"R$24,00",23351,"R$12,00",168368,"R$6,00",Sim,"R$16.711.656,00","R$228.000.000,00",
157,22/06/2024,13,22,40,43,46,50,4,6,0,,"R$0,00",0,"R$0,00",5,"R$117.038,65",45,"R$5.779,69",165,"R$1.688,86",2598,"R$107,26",2719,"R$50,00",25831,"R$24,00",19635,"R$12,00",189585,"R$6,00",Sim,"R$16.447.314,00","R$230.000.000,00",
158,26/06/2024,5,15,16,39,44,48,1,6,0,,"R$0,00",0,"R$0,00",10,"R$62.871,83",99,"R$2.822,53",211,"R$1.418,90",2961,"R$101,11",3108,"R$50,00",22193,"R$24,00",25295,"R$12,00",179936,"R$6,00",Sim,"R$17.145.672,00","R$232.000.000,00",
159,29/06/2024,16,21,24,30,33,41,3,6,0,,"R$0,00",0,"R$0,00",4,"R$170.973,60",51,"R$5.959,87",160,"R$2.035,39",2554,"R$127,51",3277,"R$50,00",25936,"R$24,00",26132,"R$12,00",205953,"R$6,00",Sim,"R$18.851.088,00","R$234.000.000,00",
160,03/07/2024,10,11,12,27,32,45,2,4,0,,"R$0,00",0,"R$0,00",1,"R$595.060,96",39,"R$6.781,32",161,"R$1.760,01",2315,"R$122,40",3382,"R$50,00",26311,"R$24,00",26502,"R$12,00",199357,"R$6,00",Sim,"R$17.088.414,00","R$236.000.000,00",
161,06/07/2024,6,11,24,28,39,48,2,4,0,,"R$0,00",0,"R$0,00",2,"R$421.092,84",48,"R$7.798,02",234,"R$1.713,84",3076,"R$130,37",4251,"R$50,00",32467,"R$24,00",32735,"R$12,00",250777,"R$6,00",Sim,"R$23.245.926,00","R$239.000.000,00",
162,10/07/2024,12,15,16,37,38,50,3,6,0,,"R$0,00",0,"R$0,00",0,"R$0,00",21,"R$46.301,13",180,"R$1.780,81",2465,"R$130,03",3747,"R$50,00",29621,"R$24,00",30328,"R$12,00",228662,"R$6,00",Sim,"R$19.368.906,00","R$242.000.000,00",
163,13/07/2024,12,14,17,34,46,50,1,2,0,,"R$0,00",0,"R$0,00",2,"R$388.873,42",89,"R$3.883,88",194,"R$1.909,04",3108,"R$119,16",3644,"R$50,00",34717,"R$24,00",28503,"R$12,00",269924,"R$6,00",Sim,"R$22.217.160,00","R$245.000.000,00",
164,17/07/2024,10,11,14,21,22,50,2,5,0,,"R$0,00",0,"R$0,00",14,"R$41.544,98",91,"R$2.840,68",298,"R$929,41",3273,"R$84,62",4957,"R$50,00",30319,"R$24,00",34063,"R$12,00",207938,"R$6,00",Sim,"R$17.599.704,00","R$247.000.000,00",
165,20/07/2024,3,7,37,38,41,48,1,5,0,,"R$0,00",0,"R$0,00",9,"R$75.775,70",37,"R$8.191,96",154,"R$2.108,78",2219,"R$146,35",2911,"R$50,00",25578,"R$24,00",24613,"R$12,00",206495,"R$6,00",Sim,"R$18.712.554,00","R$250.000.000,00",
166,24/07/2024,10,19,20,42,43,44,3,4,1,MANAUS/AM,"R$249.094.227,14",0,"R$0,00",5,"R$136.337,24",48,"R$6.311,91",182,"R$1.783,58",2201,"R$147,48",3817,"R$50,00",25361,"R$24,00",30679,"R$12,00",207628,"R$6,00",Não,"R$18.997.482,00","R$10.000.000,00",
167,27/07/2024,11,14,24,37,45,48,1,2,0,,"R$0,00",0,"R$0,00",1,"R$246.625,71",14,"R$7.829,39",46,"R$1.787,15",1042,"R$112,70",1111,"R$50,00",11172,"R$24,00",8475,"R$12,00",85034,"R$6,00",Sim,"R$7.024.656,00","R$10.000.000,00",
168,31/07/2024,2,14,15,28,32,33,1,5,0,,"R$0,00",0,"R$0,00",0,"R$0,00",14,"R$21.469,29",59,"R$1.679,47",734,"R$134,99",985,"R$50,00",8236,"R$24,00",7956,"R$12,00",66176,"R$6,00",Sim,"R$5.805.684,00","R$10.000.000,00",
169,03/08/2024,9,19,20,21,25,27,3,5,0,,"R$0,00",0,"R$0,00",1,"R$228.103,98",14,"R$7.241,40",76,"R$1.429,22",824,"R$131,82",1442,"R$50,00",10094,"R$24,00",10866,"R$12,00",78029,"R$6,00",Sim,"R$6.612.690,00","R$10.000.000,00",
170,07/08/2024,9,10,19,39,43,44,1,2,0,,"R$0,00",0,"R$0,00",0,"R$0,00",17,"R$18.303,65",60,"R$1.709,68",1268,"R$80,89",938,"R$50,00",8517,"R$24,00",7423,"R$12,00",69927,"R$6,00",Sim,"R$5.996.790,00","R$10.000.000,00",
171,10/08/2024,7,10,11,27,41,47,3,6,0,,"R$0,00",0,"R$0,00",0,"R$0,00",15,"R$20.474,32",76,"R$1.332,19",885,"R$114,40",1318,"R$50,00",10129,"R$24,00",10072,"R$12,00",74326,"R$6,00",Sim,"R$6.224.148,00","R$10.000.000,00",
172,14/08/2024,5,24,36,37,41,49,3,5,0,,"R$0,00",0,"R$0,00",1,"R$185.796,68",11,"R$7.506,94",30,"R$2.064,41",617,"R$143,39",1001,"R$50,00",7483,"R$24,00",8181,"R$12,00",58409,"R$6,00",Sim,"R$5.227.572,00","R$10.000.000,00",
173,17/08/2024,16,26,32,33,49,50,2,4,0,,"R$0,00",0,"R$0,00",1,"R$194.268,62",24,"R$3.597,57",54,"R$1.713,12",626,"R$147,77",987,"R$50,00",7760,"R$24,00",8491,"R$12,00",61765,"R$6,00",Sim,"R$5.463.210,00","R$10.000.000,00",
174,21/08/2024,9,14,18,38,40,47,3,4,0,,"R$0,00",0,"R$0,00",0,"R$0,00",10,"R$25.609,68",44,"R$1.918,80",596,"R$141,65",883,"R$50,00",6222,"R$24,00",7058,"R$12,00",51301,"R$6,00",Sim,"R$4.839.690,00","R$10.000.000,00",
175,24/08/2024,14,21,29,36,40,41,2,5,0,,"R$0,00",0,"R$0,00",0,"R$0,00",2,"R$145.361,23",80,"R$1.198,03",644,"R$148,82",1177,"R$50,00",6808,"R$24,00",9143,"R$12,00",54109,"R$6,00",Sim,"R$5.473.170,00","R$10.000.000,00",
176,28/08/2024,11,12,21,22,23,38,2,6,0,,"R$0,00",0,"R$0,00",0,"R$0,00",30,"R$7.606,98",80,"R$940,42",900,"R$83,59",1041,"R$50,00",8825,"R$24,00",7873,"R$12,00",61377,"R$6,00",Sim,"R$4.809.048,00","R$10.000.000,00",
177,31/08/2024,1,2,5,8,11,31,2,4,0,,"R$0,00",0,"R$0,00",1,"R$197.028,71",26,"R$3.368,01",73,"R$1.285,24",1132,"R$82,88",1296,"R$50,00",10065,"R$24,00",8774,"R$12,00",67698,"R$6,00",Sim,"R$5.782.932,00","R$10.000.000,00",
178,04/09/2024,9,21,30,36,37,47,1,2,0,,"R$0,00",0,"R$0,00",0,"R$0,00",9,"R$29.635,81",41,"R$2.144,64",588,"R$149,54",699,"R$50,00",6554,"R$24,00",5767,"R$12,00",53160,"R$6,00",Sim,"R$4.967.928,00","R$10.000.000,00",
179,06/09/2024,4,5,15,25,28,35,2,6,0,,"R$0,00",0,"R$0,00",1,"R$132.330,45",10,"R$5.881,36",43,"R$1.465,45",660,"R$95,47",690,"R$50,00",5710,"R$24,00",5234,"R$12,00",43789,"R$6,00",Sim,"R$3.757.236,00","R$10.000.000,00",
180,11/09/2024,4,15,26,36,39,41,2,4,0,,"R$0,00",0,"R$0,00",1,"R$190.238,61",14,"R$6.039,32",45,"R$2.013,10",455,"R$199,09",768,"R$50,00",6137,"R$24,00",6842,"R$12,00",50254,"R$6,00",Sim,"R$5.048.616,00","R$10.000.000,00",
181,14/09/2024,2,10,23,27,30,31,1,6,0,,"R$0,00",0,"R$0,00",0,"R$0,00",13,"R$21.314,91",68,"R$1.343,37",921,"R$99,18",1023,"R$50,00",7409,"R$24,00",8156,"R$12,00",55329,"R$6,00",Sim,"R$5.296.680,00","R$11.000.000,00",
182,18/09/2024,1,11,18,29,38,50,1,3,0,,"R$0,00",0,"R$0,00",0,"R$0,00",18,"R$12.685,75",51,"R$1.476,04",673,"R$111,85",950,"R$50,00",7824,"R$24,00",7030,"R$12,00",58306,"R$6,00",Sim,"R$4.672.146,00","R$11.500.000,00",
183,21/09/2024,19,20,26,34,35,44,2,5,0,,"R$0,00",0,"R$0,00",2,"R$95.937,56",21,"R$4.060,85",45,"R$2.030,42",545,"R$167,64",1091,"R$50,00",6747,"R$24,00",9888,"R$12,00",55336,"R$6,00",Sim,"R$5.317.716,00","R$12.000.000,00",
184,25/09/2024,5,8,10,22,25,39,1,2,0,,"R$0,00",0,"R$0,00",1,"R$172.336,76",23,"R$3.330,18",48,"R$1.709,69",943,"R$87,02",905,"R$50,00",8718,"R$24,00",6830,"R$12,00",63863,"R$6,00",Sim,"R$5.068.590,00","R$12.500.000,00",
185,28/09/2024,11,30,35,42,45,50,1,4,0,,"R$0,00",0,"R$0,00",0,"R$0,00",6,"R$50.632,51",52,"R$1.926,00",656,"R$152,67",789,"R$50,00",7025,"R$24,00",6794,"R$12,00",60252,"R$6,00",Sim,"R$5.634.174,00","R$13.000.000,00",
186,02/10/2024,3,15,16,21,25,47,1,3,0,,"R$0,00",0,"R$0,00",2,"R$90.688,64",16,"R$5.038,26",60,"R$1.439,50",677,"R$127,57",905,"R$50,00",7734,"R$24,00",7023,"R$12,00",60838,"R$6,00",Sim,"R$5.147.022,00","R$14.000.000,00",
187,05/10/2024,14,19,25,39,42,43,2,3,0,,"R$0,00",0,"R$0,00",0,"R$0,00",11,"R$27.739,58",45,"R$2.235,42",616,"R$163,30",982,"R$50,00",8603,"R$24,00",7976,"R$12,00",68580,"R$6,00",Sim,"R$5.923.224,00","R$15.000.000,00",
188,09/10/2024,1,9,23,30,47,50,3,5,0,,"R$0,00",0,"R$0,00",0,"R$0,00",19,"R$15.062,18",72,"R$1.310,35",927,"R$101,77",1252,"R$50,00",8989,"R$24,00",9176,"R$12,00",66846,"R$6,00",Sim,"R$5.735.322,00","R$15.500.000,00",
189,11/10/2024,28,29,31,41,46,48,4,5,0,,"R$0,00",0,"R$0,00",1,"R$157.743,51",4,"R$17.527,06",26,"R$2.022,35",455,"R$165,09",560,"R$50,00",5270,"R$24,00",4415,"R$12,00",43611,"R$6,00",Sim,"R$4.179.102,00","R$16.500.000,00",
190,16/10/2024,19,28,31,37,38,40,3,5,0,,"R$0,00",0,"R$0,00",1,"R$201.104,07",13,"R$6.875,36",45,"R$2.128,08",655,"R$146,20",947,"R$50,00",7160,"R$24,00",7745,"R$12,00",57139,"R$6,00",Sim,"R$5.465.982,00","R$17.000.000,00",
191,19/10/2024,4,8,27,38,42,46,4,6,0,,"R$0,00",0,"R$0,00",1,"R$211.553,20",17,"R$5.530,80",43,"R$1.639,95",717,"R$140,50",948,"R$50,00",8112,"R$24,00",6886,"R$12,00",62886,"R$6,00",Sim,"R$5.781.654,00","R$18.000.000,00",
192,23/10/2024,1,2,27,36,39,46,1,4,0,,"R$0,00",0,"R$0,00",0,"R$0,00",8,"R$35.199,48",45,"R$2.062,97",504,"R$184,19",739,"R$50,00",6002,"R$24,00",5964,"R$12,00",50974,"R$6,00",Sim,"R$5.112.948,00","R$18.500.000,00",
193,26/10/2024,2,9,20,35,37,46,2,4,0,,"R$0,00",0,"R$0,00",1,"R$216.062,99",13,"R$7.386,77",35,"R$2.057,75",697,"R$147,61",1040,"R$50,00",7531,"R$24,00",8528,"R$12,00",61651,"R$6,00",Sim,"R$5.875.728,00","R$19.000.000,00",
194,30/10/2024,6,8,16,32,41,47,3,4,0,,"R$0,00",0,"R$0,00",3,"R$70.714,05",11,"R$8.571,40",54,"R$1.870,74",674,"R$149,88",905,"R$50,00",7400,"R$24,00",7777,"R$12,00",59014,"R$6,00",Sim,"R$5.715.840,00","R$20.000.000,00",
195,01/11/2024,17,24,42,45,49,50,5,6,0,,"R$0,00",0,"R$0,00",1,"R$158.932,47",20,"R$3.531,83",56,"R$1.351,46",869,"R$87,09",1110,"R$50,00",8672,"R$24,00",6660,"R$12,00",60920,"R$6,00",Sim,"R$4.784.646,00","R$20.500.000,00",
196,06/11/2024,1,13,21,25,35,39,4,5,0,,"R$0,00",0,"R$0,00",1,"R$240.638,35",19,"R$5.628,97",42,"R$1.909,83",717,"R$159,81",861,"R$50,00",8796,"R$24,00",7228,"R$12,00",71661,"R$6,00",Sim,"R$6.509.280,00","R$21.000.000,00",
197,09/11/2024,10,26,27,34,41,49,1,2,0,,"R$0,00",0,"R$0,00",0,"R$0,00",5,"R$72.107,47",58,"R$2.049,28",799,"R$148,75",1018,"R$50,00",9528,"R$24,00",8339,"R$12,00",77468,"R$6,00",Sim,"R$6.860.736,00","R$22.000.000,00",
198,13/11/2024,3,7,18,19,22,41,2,4,0,,"R$0,00",0,"R$0,00",1,"R$208.013,49",16,"R$5.778,15",63,"R$1.572,28",1035,"R$95,70",1309,"R$50,00",10279,"R$24,00",9756,"R$12,00",73833,"R$6,00",Sim,"R$6.126.672,00","R$23.000.000,00",
199,16/11/2024,6,10,21,31,36,38,4,5,0,,"R$0,00",0,"R$0,00",0,"R$0,00",10,"R$33.525,93",48,"R$1.611,82",677,"R$163,25",822,"R$50,00",7709,"R$24,00",6816,"R$12,00",65828,"R$6,00",Sim,"R$6.179.712,00","R$24.000.000,00",
200,21/11/2024,5,7,10,22,28,39,3,5,0,,"R$0,00",0,"R$0,00",0,"R$0,00",11,"R$25.054,24",89,"R$1.020,85",940,"R$96,65",1473,"R$50,00",10076,"R$24,00",10347,"R$12,00",72721,"R$6,00",Sim,"R$5.803.998,00","R$25.000.000,00",
201,23/11/2024,9,13,18,20,40,48,1,6,0,,"R$0,00",0,"R$0,00",1,"R$190.870,85",10,"R$8.483,15",61,"R$1.490,01",636,"R$142,91",1173,"R$50,00",7410,"R$24,00",8769,"R$12,00",57536,"R$6,00",Sim,"R$5.346.402,00","R$25.500.000,00",
202,27/11/2024,2,6,11,17,36,46,3,4,0,,"R$0,00",0,"R$0,00",0,"R$0,00",11,"R$25.006,04",40,"R$1.586,93",783,"R$115,81",960,"R$50,00",7919,"R$24,00",8237,"R$12,00",61655,"R$6,00",Sim,"R$5.386.230,00","R$26.000.000,00",
203,30/11/2024,1,27,33,41,44,48,1,5,0,,"R$0,00",0,"R$0,00",0,"R$0,00",15,"R$19.775,45",54,"R$1.810,93",814,"R$120,13",1119,"R$50,00",8891,"R$24,00",8256,"R$12,00",66461,"R$6,00",Sim,"R$5.820.474,00","R$27.000.000,00",
204,04/12/2024,7,9,11,15,17,42,2,5,0,,"R$0,00",0,"R$0,00",0,"R$0,00",16,"R$15.899,86",89,"R$942,33",833,"R$100,68",1634,"R$50,00",9223,"R$24,00",12021,"R$12,00",67834,"R$6,00",Sim,"R$5.413.632,00","R$27.500.000,00",
205,07/12/2024,19,21,24,35,38,41,3,5,0,,"R$0,00",0,"R$0,00",0,"R$0,00",11,"R$30.345,85",83,"R$1.325,84",745,"R$147,71",1347,"R$50,00",8836,"R$24,00",10380,"R$12,00",71073,"R$6,00",Sim,"R$6.404.976,00","R$28.000.000,00",
206,11/12/2024,6,26,36,41,44,45,1,6,0,,"R$0,00",0,"R$0,00",0,"R$0,00",8,"R$41.838,44",45,"R$1.716,45",541,"R$203,96",976,"R$50,00",7345,"R$24,00",8310,"R$12,00",59553,"R$6,00",Sim,"R$6.060.432,00","R$28.500.000,00",
207,14/12/2024,1,13,24,32,33,44,1,5,0,,"R$0,00",0,"R$0,00",5,"R$44.231,49",49,"R$2.005,97",88,"R$1.196,73",1287,"R$81,82",1408,"R$50,00",10927,"R$24,00",9174,"R$12,00",75609,"R$6,00",Sim,"R$6.373.980,00","R$29.000.000,00",
208,18/12/2024,1,2,3,12,18,25,1,6,0,,"R$0,00",0,"R$0,00",1,"R$202.867,82",25,"R$3.606,54",94,"R$1.027,69",1182,"R$81,72",1378,"R$50,00",9630,"R$24,00",9205,"R$12,00",64838,"R$6,00",Sim,"R$5.792.166,00","R$29.500.000,00",
209,21/12/2024,6,29,37,41,42,47,1,2,0,,"R$0,00",0,"R$0,00",0,"R$0,00",13,"R$32.836,79",48,"R$2.052,30",818,"R$172,04",1064,"R$50,00",9846,"R$24,00",8555,"R$12,00",82252,"R$6,00",Sim,"R$7.767.120,00","R$30.500.000,00",
210,26/12/2024,10,11,26,33,43,47,2,3,0,,"R$0,00",0,"R$0,00",2,"R$119.048,98",10,"R$10.582,14",63,"R$1.799,68",829,"R$136,76",1160,"R$50,00",10499,"R$24,00",9342,"R$12,00",85580,"R$6,00",Sim,"R$6.791.328,00","R$31.000.000,00",
211,28/12/2024,16,18,22,33,40,44,5,6,0,,"R$0,00",0,"R$0,00",3,"R$80.037,98",21,"R$5.081,78",62,"R$1.844,19",949,"R$120,48",973,"R$50,00",10476,"R$24,00",7543,"R$12,00",79441,"R$6,00",Sim,"R$6.665.550,00","R$32.500.000,00",
212,02/01/2025,25,32,39,42,46,50,2,4,0,,"R$0,00",0,"R$0,00",1,"R$322.792,69",13,"R$11.035,65",97,"R$1.584,64",1092,"R$140,76",1733,"R$50,00",12348,"R$24,00",12424,"R$12,00",93864,"R$6,00",Sim,"R$8.791.050,00","R$33.500.000,00",
213,04/01/2025,10,14,15,35,40,50,2,4,0,,"R$0,00",0,"R$0,00",2,"R$167.231,57",16,"R$9.290,64",70,"R$1.592,68",1015,"R$156,91",1462,"R$50,00",11832,"R$24,00",12067,"R$12,00",95871,"R$6,00",Sim,"R$8.970.006,00","R$35.000.000,00",
214,08/01/2025,7,8,24,28,30,46,2,4,0,,"R$0,00",1,"R$196.386,40",1,"R$157.109,12",43,"R$3.653,70",68,"R$1.732,82",1243,"R$135,42",1556,"R$50,00",12454,"R$24,00",13534,"R$12,00",101577,"R$6,00",Sim,"R$9.504.900,00","R$36.000.000,00",
215,11/01/2025,21,27,32,38,41,48,2,5,0,,"R$0,00",0,"R$0,00",7,"R$56.719,58",39,"R$4.524,64",91,"R$2.077,64",1212,"R$155,99",2036,"R$50,00",12524,"R$24,00",17419,"R$12,00",107582,"R$6,00",Sim,"R$10.595.988,00","R$37.500.000,00",
216,15/01/2025,7,18,25,27,33,40,4,5,0,,"R$0,00",0,"R$0,00",1,"R$298.129,42",22,"R$6.022,82",108,"R$1.314,50",1639,"R$86,61",1470,"R$50,00",14808,"R$24,00",10450,"R$12,00",101847,"R$6,00",Sim,"R$8.489.034,00","R$38.500.000,00",
217,18/01/2025,3,24,26,31,35,40,4,5,0,,"R$0,00",0,"R$0,00",2,"R$181.805,79",8,"R$20.200,65",72,"R$1.683,39",1031,"R$167,94",1327,"R$50,00",11325,"R$24,00",10479,"R$12,00",98758,"R$6,00",Sim,"R$9.476.454,00","R$40.000.000,00",
218,22/01/2025,10,11,24,35,42,47,3,6,0,,"R$0,00",0,"R$0,00",2,"R$157.635,90",16,"R$8.757,55",86,"R$1.745,69",1149,"R$130,66",1591,"R$50,00",12084,"R$24,00",13050,"R$12,00",97844,"R$6,00",Sim,"R$8.690.730,00","R$41.000.000,00",
219,25/01/2025,12,13,23,38,39,45,4,6,0,,"R$0,00",0,"R$0,00",0,"R$0,00",25,"R$21.275,41",92,"R$1.905,94",1573,"R$111,47",1628,"R$50,00",15422,"R$24,00",11633,"R$12,00",114118,"R$6,00",Sim,"R$10.091.892,00","R$42.000.000,00",
220,29/01/2025,5,21,22,29,36,39,1,3,0,,"R$0,00",0,"R$0,00",3,"R$113.133,51",25,"R$6.033,79",78,"R$2.072,04",1210,"R$133,56",1755,"R$50,00",14003,"R$24,00",13461,"R$12,00",108936,"R$6,00",Sim,"R$9.453.312,00","R$43.000.000,00",
221,01/02/2025,5,17,22,30,34,36,5,6,0,,"R$0,00",0,"R$0,00",1,"R$413.325,97",13,"R$14.130,81",88,"R$2.236,61",1615,"R$121,87",1638,"R$50,00",16944,"R$24,00",13679,"R$12,00",130562,"R$6,00",Sim,"R$11.337.462,00","R$45.000.000,00",
222,05/02/2025,12,18,39,40,48,49,3,5,0,,"R$0,00",0,"R$0,00",1,"R$362.788,39",17,"R$9.484,66",91,"R$1.898,42",1151,"R$150,09",1833,"R$50,00",13542,"R$24,00",15080,"R$12,00",110024,"R$6,00",Sim,"R$9.944.676,00","R$47.000.000,00",
223,08/02/2025,1,6,14,15,20,40,3,5,0,,"R$0,00",1,"R$228.925,86",0,"R$0,00",27,"R$13.565,98",61,"R$2.251,73",1349,"R$145,45",1635,"R$50,00",12919,"R$24,00",14976,"R$12,00",116889,"R$6,00",Sim,"R$10.921.074,00","R$49.000.000,00",
224,12/02/2025,5,15,25,26,30,44,1,4,0,,"R$0,00",0,"R$0,00",0,"R$0,00",7,"R$68.780,37",83,"R$1.912,33",1112,"R$142,73",1541,"R$50,00",12242,"R$24,00",11805,"R$12,00",98889,"R$6,00",Sim,"R$9.017.322,00","R$50.000.000,00",
225,15/02/2025,12,20,21,34,44,45,1,5,0,,"R$0,00",0,"R$0,00",1,"R$358.026,34",16,"R$9.945,18",91,"R$1.873,50",1149,"R$148,38",1471,"R$50,00",13206,"R$24,00",12696,"R$12,00",106169,"R$6,00",Sim,"R$9.666.564,00","R$50.500.000,00",
226,19/02/2025,5,22,24,30,36,39,4,5,0,,"R$0,00",0,"R$0,00",4,"R$80.183,95",52,"R$2.741,33",106,"R$1.440,86",1838,"R$83,09",1613,"R$50,00",14164,"R$24,00",10954,"R$12,00",104371,"R$6,00",Sim,"R$8.951.292,00","R$51.000.000,00",
227,22/02/2025,2,21,25,37,44,46,1,2,0,,"R$0,00",0,"R$0,00",2,"R$158.546,33",21,"R$6.710,95",82,"R$1.841,42",1250,"R$120,79",1489,"R$50,00",13891,"R$24,00",11660,"R$12,00",108211,"R$6,00",Sim,"R$8.926.884,00","R$52.000.000,00",
228,26/02/2025,3,8,13,19,31,50,3,4,0,,"R$0,00",0,"R$0,00",1,"R$259.395,91",30,"R$3.842,91",120,"R$1.029,34",1592,"R$77,58",1957,"R$50,00",14375,"R$24,00",13854,"R$12,00",101443,"R$6,00",Sim,"R$7.875.996,00","R$53.000.000,00",
229,01/03/2025,5,9,20,37,44,47,1,2,0,,"R$0,00",0,"R$0,00",2,"R$153.136,95",14,"R$9.722,98",58,"R$1.760,20",1134,"R$128,61",1276,"R$50,00",13034,"R$24,00",10705,"R$12,00",105391,"R$6,00",Sim,"R$8.577.222,00","R$54.000.000,00",
230,05/03/2025,13,14,24,34,35,39,1,6,0,,"R$0,00",0,"R$0,00",0,"R$0,00",16,"R$20.623,22",61,"R$1.783,30",1004,"R$108,34",1142,"R$50,00",9118,"R$24,00",8662,"R$12,00",67710,"R$6,00",Sim,"R$6.247.920,00","R$55.000.000,00",
231,08/03/2025,6,12,30,35,36,47,1,5,0,,"R$0,00",0,"R$0,00",0,"R$0,00",9,"R$61.714,73",83,"R$2.206,14",1033,"R$177,26",1632,"R$50,00",13076,"R$24,00",12899,"R$12,00",108382,"R$6,00",Sim,"R$10.221.828,00","R$56.000.000,00",
232,12/03/2025,4,5,21,25,26,48,2,3,0,,"R$0,00",0,"R$0,00",1,"R$331.894,69",25,"R$5.900,35",87,"R$1.816,61",1411,"R$112,00",1626,"R$50,00",15414,"R$24,00",14204,"R$12,00",120275,"R$6,00",Sim,"R$9.560.988,00","R$57.000.000,00",
233,15/03/2025,2,12,15,18,26,29,2,6,0,,"R$0,00",3,"R$68.476,63",2,"R$82.171,95",33,"R$4.980,12",177,"R$994,81",1441,"R$122,19",2383,"R$50,00",15734,"R$24,00",15971,"R$12,00",118585,"R$6,00",Sim,"R$10.419.684,00","R$58.000.000,00",
234,19/03/2025,9,14,29,33,36,41,3,6,0,,"R$0,00",1,"R$206.896,74",2,"R$82.758,69",28,"R$5.911,34",87,"R$2.038,39",1218,"R$145,59",1876,"R$50,00",13193,"R$24,00",14871,"R$12,00",111873,"R$6,00",Sim,"R$10.133.988,00","R$60.000.000,00",
235,22/03/2025,8,9,15,20,24,40,1,6,0,,"R$0,00",0,"R$0,00",6,"R$73.346,51",29,"R$6.744,50",114,"R$1.838,25",1332,"R$157,32",2023,"R$50,00",14406,"R$24,00",17094,"R$12,00",125257,"R$6,00",Sim,"R$11.769.702,00","R$61.000.000,00",
236,26/03/2025,1,25,27,30,36,38,3,6,0,,"R$0,00",0,"R$0,00",0,"R$0,00",23,"R$23.490,15",61,"R$2.043,91",1038,"R$171,59",1378,"R$50,00",11499,"R$24,00",12393,"R$12,00",101364,"R$6,00",Sim,"R$9.784.284,00","R$62.000.000,00",
237,29/03/2025,2,13,16,23,45,48,5,6,0,,"R$0,00",0,"R$0,00",1,"R$365.458,11",28,"R$5.800,93",80,"R$2.175,34",1452,"R$119,85",1383,"R$50,00",15382,"R$24,00",11577,"R$12,00",119448,"R$6,00",Sim,"R$10.082.550,00","R$64.000.000,00",
238,02/04/2025,3,12,16,21,23,35,1,5,0,,"R$0,00",0,"R$0,00",0,"R$0,00",26,"R$18.223,36",97,"R$1.610,31",1192,"R$131,04",1739,"R$50,00",14138,"R$24,00",13085,"R$12,00",108291,"R$6,00",Sim,"R$9.221.922,00","R$65.000.000,00",
239,05/04/2025,5,8,9,17,19,35,2,4,0,,"R$0,00",0,"R$0,00",6,"R$57.488,52",37,"R$4.143,32",137,"R$1.198,92",1904,"R$86,26",2653,"R$50,00",18363,"R$24,00",18452,"R$12,00",128506,"R$6,00",Sim,"R$10.344.516,00","R$66.000.000,00",
240,09/04/2025,10,13,15,16,30,48,3,6,0,,"R$0,00",0,"R$0,00",2,"R$178.642,05",14,"R$11.342,36",82,"R$2.074,82",1290,"R$131,88",1900,"R$50,00",14359,"R$24,00",14400,"R$12,00",112305,"R$6,00",Sim,"R$9.908.136,00","R$67.000.000,00",
241,12/04/2025,5,16,27,46,48,50,2,6,0,,"R$0,00",0,"R$0,00",2,"R$200.383,85",14,"R$12.722,78",138,"R$1.382,91",1985,"R$96,14",2550,"R$50,00",20568,"R$24,00",16849,"R$12,00",142570,"R$6,00",Sim,"R$11.681.196,00","R$68.500.000,00",
242,16/04/2025,6,12,13,14,35,40,2,3,0,,"R$0,00",0,"R$0,00",1,"R$332.563,75",12,"R$12.317,18",74,"R$2.140,04",1121,"R$141,27",1581,"R$50,00",13422,"R$24,00",12912,"R$12,00",110610,"R$6,00",Sim,"R$9.276.756,00","R$70.000.000,00",
243,19/04/2025,3,5,18,20,39,43,4,6,0,,"R$0,00",0,"R$0,00",4,"R$79.778,07",37,"R$3.833,18",84,"R$1.809,02",1392,"R$109,16",1308,"R$50,00",13168,"R$24,00",9920,"R$12,00",100084,"R$6,00",Sim,"R$8.734.542,00","R$71.000.000,00",
244,23/04/2025,7,12,13,24,32,42,1,2,0,,"R$0,00",0,"R$0,00",1,"R$294.506,48",31,"R$4.222,31",89,"R$1.575,74",1642,"R$85,40",1772,"R$50,00",16629,"R$24,00",12326,"R$12,00",115357,"R$6,00",Sim,"R$8.810.238,00","R$72.000.000,00",
245,26/04/2025,5,16,25,30,40,50,1,5,0,,"R$0,00",0,"R$0,00",1,"R$503.001,90",49,"R$4.562,37",141,"R$1.698,75",1952,"R$122,70",2589,"R$50,00",21471,"R$24,00",19371,"R$12,00",156574,"R$6,00",Sim,"R$13.963.122,00","R$74.000.000,00",
246,30/04/2025,6,17,29,40,48,50,2,3,0,,"R$0,00",0,"R$0,00",1,"R$428.030,15",28,"R$6.794,13",136,"R$1.498,70",1550,"R$131,49",2307,"R$50,00",18568,"R$24,00",18229,"R$12,00",143302,"R$6,00",Sim,"R$12.107.082,00","R$75.000.000,00",
247,03/05/2025,3,15,22,35,45,47,5,6,0,,"R$0,00",0,"R$0,00",9,"R$50.824,90",44,"R$4.620,45",221,"R$985,61",2615,"R$83,29",2651,"R$50,00",23576,"R$24,00",16778,"R$12,00",164007,"R$6,00",Sim,"R$13.254.894,00","R$76.500.000,00",
248,07/05/2025,18,30,37,40,43,44,1,3,0,,"R$0,00",0,"R$0,00",2,"R$255.927,12",22,"R$10.340,49",84,"R$2.031,17",1291,"R$188,79",1849,"R$50,00",16254,"R$24,00",16750,"R$12,00",141817,"R$6,00",Sim,"R$13.453.644,00","R$79.000.000,00",
249,10/05/2025,31,41,43,45,47,50,2,6,0,,"R$0,00",0,"R$0,00",1,"R$537.182,55",50,"R$4.774,96",125,"R$2.046,40",1575,"R$162,41",2057,"R$50,00",17771,"R$24,00",18724,"R$12,00",149173,"R$6,00",Sim,"R$14.212.410,00","R$80.000.000,00",
250,14/05/2025,19,39,40,42,45,47,2,5,0,,"R$0,00",0,"R$0,00",1,"R$449.521,09",19,"R$10.515,12",100,"R$2.140,57",1173,"R$182,48",2267,"R$50,00",14506,"R$24,00",19681,"R$12,00",122991,"R$6,00",Sim,"R$12.026.874,00","R$82.000.000,00",
251,17/05/2025,6,7,8,11,19,38,2,3,0,,"R$0,00",0,"R$0,00",5,"R$97.268,74",35,"R$6.175,80",160,"R$1.447,45",2241,"R$103,34",2717,"R$50,00",25099,"R$24,00",19837,"R$12,00",181347,"R$6,00",Sim,"R$14.240.748,00","R$84.000.000,00",
252,21/05/2025,6,10,35,38,39,46,3,6,0,,"R$0,00",0,"R$0,00",2,"R$211.291,76",19,"R$9.885,00",89,"R$2.261,01",1222,"R$164,67",1800,"R$50,00",15226,"R$24,00",15676,"R$12,00",121930,"R$6,00",Sim,"R$11.367.540,00","R$86.000.000,00",
253,24/05/2025,8,18,36,44,46,48,4,6,0,,"R$0,00",0,"R$0,00",0,"R$0,00",34,"R$23.060,15",114,"R$2.267,33",1753,"R$147,44",2041,"R$50,00",19795,"R$24,00",16093,"R$12,00",152301,"R$6,00",Sim,"R$14.403.654,00","R$87.000.000,00",
254,28/05/2025,4,15,16,29,38,40,5,6,0,,"R$0,00",0,"R$0,00",2,"R$256.912,45",13,"R$17.566,67",67,"R$2.556,34",1332,"R$183,69",1741,"R$50,00",17886,"R$24,00",15515,"R$12,00",146816,"R$6,00",Sim,"R$13.608.888,00","R$105.000.000,00",
255,31/05/2025,1,2,4,7,9,33,3,4,0,,"R$0,00",0,"R$0,00",2,"R$305.439,42",57,"R$4.763,19",199,"R$1.461,78",2911,"R$99,92",3899,"R$50,00",28420,"R$24,00",28611,"R$12,00",208947,"R$6,00",Sim,"R$17.601.444,00","R$107.000.000,00",
256,04/06/2025,3,19,25,33,34,37,2,5,0,,"R$0,00",0,"R$0,00",3,"R$162.926,66",35,"R$6.206,73",181,"R$1.285,92",1771,"R$131,42",4304,"R$50,00",23805,"R$24,00",30400,"R$12,00",174423,"R$6,00",Sim,"R$14.608.152,00","R$108.000.000,00",
257,07/06/2025,5,15,33,34,39,44,1,2,0,,"R$0,00",0,"R$0,00",2,"R$246.982,45",30,"R$7.318,00",109,"R$2.157,99",1742,"R$135,02",2116,"R$50,00",20217,"R$24,00",17774,"R$12,00",170954,"R$6,00",Sim,"R$13.822.854,00","R$110.000.000,00",
258,11/06/2025,4,16,20,25,44,47,2,4,0,,"R$0,00",0,"R$0,00",3,"R$147.994,14",36,"R$5.481,26",141,"R$1.499,43",1595,"R$132,55",2320,"R$50,00",17492,"R$24,00",17550,"R$12,00",136005,"R$6,00",Sim,"R$12.226.074,00","R$112.000.000,00",
259,14/06/2025,3,8,16,34,41,46,3,5,0,,"R$0,00",0,"R$0,00",0,"R$0,00",21,"R$34.361,17",97,"R$1.716,70",1474,"R$161,38",2537,"R$50,00",18465,"R$24,00",22144,"R$12,00",152724,"R$6,00",Sim,"R$13.742.220,00","R$114.000.000,00",
260,18/06/2025,1,3,7,18,24,43,1,3,0,,"R$0,00",0,"R$0,00",2,"R$216.064,75",36,"R$5.334,94",171,"R$1.203,36",1877,"R$109,63",2955,"R$50,00",20438,"R$24,00",19104,"R$12,00",154311,"R$6,00",Sim,"R$12.555.078,00","R$115.000.000,00",
261,21/06/2025,17,21,25,28,31,41,4,6,0,,"R$0,00",0,"R$0,00",1,"R$441.086,00",16,"R$12.252,39",137,"R$1.533,14",1801,"R$116,62",2268,"R$50,00",19599,"R$24,00",15446,"R$12,00",140173,"R$6,00",Sim,"R$12.285.546,00","R$116.000.000,00",
262,25/06/2025,5,24,32,35,46,50,2,4,0,,"R$0,00",1,"R$255.472,29",3,"R$68.125,94",45,"R$4.541,73",151,"R$1.450,17",2149,"R$101,89",2872,"R$50,00",22146,"R$24,00",20768,"R$12,00",161309,"R$6,00",Sim,"R$13.321.422,00","R$118.000.000,00",
263,28/06/2025,21,22,26,37,39,40,1,6,0,,"R$0,00",0,"R$0,00",1,"R$433.741,55",16,"R$12.048,38",80,"R$1.807,26",1405,"R$147,00",1787,"R$50,00",13525,"R$24,00",15100,"R$12,00",110176,"R$6,00",Sim,"R$11.294.574,00","R$120.000.000,00",
264,02/07/2025,23,25,37,41,43,50,4,5,0,,"R$0,00",0,"R$0,00",8,"R$58.239,05",27,"R$7.669,34",204,"R$1.087,56",1554,"R$142,76",2237,"R$50,00",17860,"R$24,00",14655,"R$12,00",139904,"R$6,00",Sim,"R$12.628.434,00","R$121.000.000,00",
265,05/07/2025,5,16,27,29,31,38,1,2,0,,"R$0,00",0,"R$0,00",2,"R$328.690,20",24,"R$12.173,71",162,"R$1.932,33",2354,"R$132,98",2883,"R$50,00",25951,"R$24,00",21947,"R$12,00",204407,"R$6,00",Sim,"R$17.966.334,00","R$123.000.000,00",
266,09/07/2025,2,9,12,24,44,45,3,6,0,,"R$0,00",0,"R$0,00",6,"R$85.145,95",61,"R$3.722,23",220,"R$1.105,79",2603,"R$93,45",3632,"R$50,00",24477,"R$24,00",25240,"R$12,00",175935,"R$6,00",Sim,"R$14.860.656,00","R$125.000.000,00",
267,12/07/2025,21,25,30,33,41,47,2,3,0,,"R$0,00",0,"R$0,00",3,"R$182.680,08",29,"R$8.399,09",114,"R$2.289,22",1959,"R$133,21",2793,"R$50,00",23839,"R$24,00",22728,"R$12,00",186729,"R$6,00",Sim,"R$15.515.250,00","R$128.000.000,00",
268,16/07/2025,1,4,5,16,36,41,1,3,0,,"R$0,00",0,"R$0,00",6,"R$94.888,64",18,"R$14.057,58",131,"R$2.069,54",1532,"R$176,96",2451,"R$50,00",20454,"R$24,00",20133,"R$12,00",171503,"R$6,00",Sim,"R$15.390.600,00","R$129.000.000,00",
269,19/07/2025,19,20,23,24,26,35,2,5,0,,"R$0,00",0,"R$0,00",0,"R$0,00",24,"R$32.749,09",187,"R$1.385,63",1810,"R$143,15",3343,"R$50,00",20824,"R$24,00",27766,"R$12,00",167505,"R$6,00",Sim,"R$15.201.042,00","R$132.000.000,00",
270,23/07/2025,15,18,20,23,27,31,1,4,0,,"R$0,00",2,"R$138.897,19",0,"R$0,00",32,"R$13.889,72",98,"R$1.700,78",1622,"R$146,79",2222,"R$50,00",18642,"R$24,00",17375,"R$12,00",147333,"R$6,00",Sim,"R$13.508.244,00","R$133.000.000,00",
271,26/07/2025,22,27,32,33,35,41,5,6,0,,"R$0,00",0,"R$0,00",1,"R$563.807,74",23,"R$10.894,84",140,"R$1.917,71",2004,"R$133,97",2365,"R$50,00",22332,"R$24,00",18689,"R$12,00",176887,"R$6,00",Sim,"R$15.419.220,00","R$135.000.000,00",
272,30/07/2025,5,7,18,19,32,48,1,2,0,,"R$0,00",1,"R$241.344,33",1,"R$193.075,47",56,"R$3.447,78",122,"R$1.695,62",2235,"R$92,55",2343,"R$50,00",23273,"R$24,00",18903,"R$12,00",174739,"R$6,00",Sim,"R$12.977.604,00","R$137.000.000,00",
273,02/08/2025,5,8,10,30,37,38,3,6,0,,"R$0,00",0,"R$0,00",0,"R$0,00",28,"R$27.158,05",126,"R$1.989,60",1738,"R$144,24",2490,"R$50,00",20464,"R$24,00",21310,"R$12,00",165747,"R$6,00",Sim,"R$14.528.670,00","R$138.000.000,00",
274,06/08/2025,1,2,22,24,25,33,1,6,0,,"R$0,00",0,"R$0,00",0,"R$0,00",28,"R$23.929,44",162,"R$1.363,50",2107,"R$104,83",3046,"R$50,00",20227,"R$24,00",20707,"R$12,00",146324,"R$6,00",Sim,"R$13.090.296,00","R$140.000.000,00",
275,09/08/2025,4,17,19,22,25,36,4,5,0,,"R$0,00",0,"R$0,00",2,"R$286.591,71",48,"R$5.307,26",152,"R$1.795,68",2576,"R$105,95",2897,"R$50,00",25886,"R$24,00",21166,"R$12,00",193314,"R$6,00",Sim,"R$16.175.442,00","R$142.000.000,00",
276,13/08/2025,12,16,28,35,39,46,2,5,0,,"R$0,00",0,"R$0,00",3,"R$159.519,26",21,"R$10.128,21",148,"R$1.539,76",1632,"R$139,63",2921,"R$50,00",17997,"R$24,00",22658,"R$12,00",140542,"R$6,00",Sim,"R$13.199.850,00","R$143.000.000,00",
277,16/08/2025,7,10,35,42,43,47,4,5,0,,"R$0,00",0,"R$0,00",2,"R$270.307,36",20,"R$12.013,66",98,"R$1.838,83",1594,"R$161,50",2106,"R$50,00",20075,"R$24,00",16891,"R$12,00",161434,"R$6,00",Sim,"R$14.540.664,00","R$145.000.000,00",
278,20/08/2025,4,18,36,38,45,49,2,3,0,,"R$0,00",0,"R$0,00",4,"R$125.321,02",45,"R$4.950,96",179,"R$1.333,55",2067,"R$115,48",2742,"R$50,00",21020,"R$24,00",19851,"R$12,00",156428,"R$6,00",Sim,"R$13.934.460,00","R$147.000.000,00",
279,23/08/2025,1,3,4,7,27,32,1,3,0,,"R$0,00",0,"R$0,00",2,"R$259.147,05",18,"R$12.797,38",171,"R$1.443,31",1906,"R$129,48",3366,"R$50,00",24118,"R$24,00",22438,"R$12,00",178836,"R$6,00",Sim,"R$14.910.516,00","R$148.000.000,00",
280,27/08/2025,18,22,25,29,37,49,1,4,0,,"R$0,00",0,"R$0,00",2,"R$246.662,02",43,"R$5.098,96",119,"R$1.974,08",1957,"R$120,03",2211,"R$50,00",19779,"R$24,00",16678,"R$12,00",148935,"R$6,00",Sim,"R$13.447.584,00","R$150.000.000,00",
281,30/08/2025,3,5,18,19,29,43,1,4,0,,"R$0,00",1,"R$330.575,94",3,"R$88.153,58",57,"R$4.639,66",175,"R$1.619,14",3173,"R$89,30",3185,"R$50,00",29146,"R$24,00",23606,"R$12,00",205799,"R$6,00",Sim,"R$17.065.500,00","R$152.000.000,00",
282,03/09/2025,10,12,17,21,41,50,3,5,0,,"R$0,00",0,"R$0,00",1,"R$461.093,80",20,"R$10.246,53",194,"R$1.131,79",2196,"R$99,98",3445,"R$50,00",24366,"R$24,00",23595,"R$12,00",171324,"R$6,00",Sim,"R$13.768.086,00","R$154.000.000,00",
283,06/09/2025,8,13,17,22,45,47,3,5,0,,"R$0,00",0,"R$0,00",4,"R$121.068,19",27,"R$7.971,57",190,"R$1.213,71",1895,"R$121,69",3017,"R$50,00",21637,"R$24,00",23846,"R$12,00",167852,"R$6,00",Sim,"R$13.958.574,00","R$156.000.000,00",
284,10/09/2025,4,5,6,30,38,45,2,4,0,,"R$0,00",0,"R$0,00",0,"R$0,00",23,"R$33.002,13",116,"R$2.157,20",1596,"R$156,78",2674,"R$50,00",21492,"R$24,00",21824,"R$12,00",165185,"R$6,00",Sim,"R$14.598.636,00","R$158.000.000,00",
285,13/09/2025,7,10,29,34,39,40,3,4,0,,"R$0,00",0,"R$0,00",6,"R$106.812,93",87,"R$3.273,96",183,"R$1.667,64",2395,"R$127,42",3138,"R$50,00",22104,"R$24,00",25240,"R$12,00",183478,"R$6,00",Sim,"R$17.253.336,00","R$160.000.000,00",
286,17/09/2025,15,19,20,30,35,45,3,6,0,,"R$0,00",0,"R$0,00",3,"R$186.800,87",39,"R$6.386,36",116,"R$2.300,50",1701,"R$156,88",2463,"R$50,00",20155,"R$24,00",20631,"R$12,00",167935,"R$6,00",Sim,"R$15.167.346,00","R$162.000.000,00",
287,20/09/2025,2,9,10,12,18,48,3,5,0,,"R$0,00",0,"R$0,00",5,"R$105.496,85",70,"R$3.349,11",219,"R$1.146,95",2953,"R$85,06",3780,"R$50,00",28732,"R$24,00",26798,"R$12,00",197865,"R$6,00",Sim,"R$15.802.014,00","R$163.000.000,00",
288,24/09/2025,14,17,27,33,42,50,3,4,0,,"R$0,00",0,"R$0,00",7,"R$67.999,74",60,"R$3.525,91",165,"R$1.373,73",2351,"R$96,41",3028,"R$50,00",23442,"R$24,00",21593,"R$12,00",161864,"R$6,00",Sim,"R$13.754.814,00","R$165.000.000,00",
289,27/09/2025,12,16,23,29,37,38,3,5,0,,"R$0,00",0,"R$0,00",4,"R$133.921,13",24,"R$9.920,08",150,"R$1.700,58",2044,"R$124,79",3133,"R$50,00",23206,"R$24,00",24140,"R$12,00",173634,"R$6,00",Sim,"R$15.135.738,00","R$167.000.000,00",